state,action_index,action,next_state,probability
0,1,Permit SUBMITTED by EMPLOYEE,1,1.0
1,2,Permit APPROVED by ADMINISTRATION,2,1.0
2,3,Permit FINAL_APPROVED by SUPERVISOR,3,1.0
3,4,Start trip,4,1.0
4,5,End trip,5,1.0
5,6,Declaration SUBMITTED by EMPLOYEE,6,1.0
6,7,Declaration APPROVED by ADMINISTRATION,7,1.0
7,8,Declaration FINAL_APPROVED by SUPERVISOR,8,1.0
8,9,Request Payment,9,1.0
9,10,Payment Handled,10,1.0
10,11,archive_application,11,1.0
12,1,Permit SUBMITTED by EMPLOYEE,13,1.0
13,2,Permit APPROVED by ADMINISTRATION,14,1.0
14,12,Permit APPROVED by BUDGET OWNER,15,1.0
15,3,Permit FINAL_APPROVED by SUPERVISOR,16,1.0
16,4,Start trip,17,1.0
17,5,End trip,18,1.0
18,6,Declaration SUBMITTED by EMPLOYEE,19,1.0
19,7,Declaration APPROVED by ADMINISTRATION,20,1.0
20,13,Declaration APPROVED by BUDGET OWNER,21,1.0
21,8,Declaration FINAL_APPROVED by SUPERVISOR,22,1.0
22,9,Request Payment,23,1.0
23,10,Payment Handled,24,1.0
24,11,archive_application,25,1.0
14,3,Permit FINAL_APPROVED by SUPERVISOR,16,1.0
20,8,Declaration FINAL_APPROVED by SUPERVISOR,22,1.0
14,4,Start trip,17,1.0
18,3,Permit FINAL_APPROVED by SUPERVISOR,16,1.0
16,6,Declaration SUBMITTED by EMPLOYEE,19,1.0
17,6,Declaration SUBMITTED by EMPLOYEE,19,1.0
19,5,End trip,18,1.0
18,14,Declaration REJECTED by ADMINISTRATION,26,1.0
26,15,Declaration REJECTED by EMPLOYEE,27,1.0
27,6,Declaration SUBMITTED by EMPLOYEE,19,1.0
18,16,Send Reminder,28,1.0
28,6,Declaration SUBMITTED by EMPLOYEE,19,1.0
12,4,Start trip,17,1.0
18,1,Permit SUBMITTED by EMPLOYEE,13,1.0
19,14,Declaration REJECTED by ADMINISTRATION,26,1.0
20,17,Declaration REJECTED by BUDGET OWNER,29,1.0
29,15,Declaration REJECTED by EMPLOYEE,27,1.0
14,18,Permit APPROVED by SUPERVISOR,30,1.0
30,19,Permit FINAL_APPROVED by DIRECTOR,31,1.0
31,6,Declaration SUBMITTED by EMPLOYEE,19,1.0
24,4,Start trip,17,1.0
18,11,archive_application,25,1.0
15,20,Permit REJECTED by SUPERVISOR,32,1.0
32,21,Permit REJECTED by EMPLOYEE,33,1.0
33,1,Permit SUBMITTED by EMPLOYEE,13,1.0
15,4,Start trip,17,1.0
17,3,Permit FINAL_APPROVED by SUPERVISOR,16,1.0
21,5,End trip,18,1.0
18,8,Declaration FINAL_APPROVED by SUPERVISOR,22,1.0
14,22,Permit REJECTED by BUDGET OWNER,34,1.0
34,21,Permit REJECTED by EMPLOYEE,33,1.0
33,4,Start trip,17,1.0
17,1,Permit SUBMITTED by EMPLOYEE,13,1.0
15,5,End trip,18,1.0
18,7,Declaration APPROVED by ADMINISTRATION,20,1.0
35,1,Permit SUBMITTED by EMPLOYEE,36,1.0
36,2,Permit APPROVED by ADMINISTRATION,37,1.0
37,3,Permit FINAL_APPROVED by SUPERVISOR,38,1.0
38,4,Start trip,39,1.0
39,5,End trip,40,1.0
40,6,Declaration SUBMITTED by EMPLOYEE,41,1.0
41,14,Declaration REJECTED by ADMINISTRATION,42,1.0
42,15,Declaration REJECTED by EMPLOYEE,43,1.0
43,11,archive_application,44,1.0
17,12,Permit APPROVED by BUDGET OWNER,15,1.0
37,4,Start trip,39,1.0
39,12,Permit APPROVED by BUDGET OWNER,45,1.0
45,5,End trip,40,1.0
40,3,Permit FINAL_APPROVED by SUPERVISOR,38,1.0
38,6,Declaration SUBMITTED by EMPLOYEE,41,1.0
16,5,End trip,18,1.0
20,23,Declaration REJECTED by SUPERVISOR,46,1.0
46,15,Declaration REJECTED by EMPLOYEE,27,1.0
13,24,Permit REJECTED by ADMINISTRATION,47,1.0
47,21,Permit REJECTED by EMPLOYEE,33,1.0
14,5,End trip,18,1.0
18,12,Permit APPROVED by BUDGET OWNER,15,1.0
40,25,Declaration SAVED by EMPLOYEE,48,1.0
48,11,archive_application,44,1.0
15,18,Permit APPROVED by SUPERVISOR,30,1.0
31,4,Start trip,17,1.0
19,4,Start trip,17,1.0
17,18,Permit APPROVED by SUPERVISOR,30,1.0
31,5,End trip,18,1.0
21,26,Declaration APPROVED by SUPERVISOR,49,1.0
49,27,Declaration FINAL_APPROVED by DIRECTOR,50,1.0
50,9,Request Payment,23,1.0
23,5,End trip,18,1.0
18,10,Payment Handled,24,1.0
24,5,End trip,18,1.0
30,5,End trip,18,1.0
18,19,Permit FINAL_APPROVED by DIRECTOR,31,1.0
20,26,Declaration APPROVED by SUPERVISOR,49,1.0
14,20,Permit REJECTED by SUPERVISOR,32,1.0
37,12,Permit APPROVED by BUDGET OWNER,45,1.0
45,3,Permit FINAL_APPROVED by SUPERVISOR,38,1.0
41,7,Declaration APPROVED by ADMINISTRATION,51,1.0
51,17,Declaration REJECTED by BUDGET OWNER,52,1.0
52,15,Declaration REJECTED by EMPLOYEE,43,1.0
16,16,Send Reminder,28,1.0
17,7,Declaration APPROVED by ADMINISTRATION,20,1.0
20,5,End trip,18,1.0
47,1,Permit SUBMITTED by EMPLOYEE,13,1.0
13,21,Permit REJECTED by EMPLOYEE,33,1.0
22,10,Payment Handled,24,1.0
43,4,Start trip,39,1.0
40,11,archive_application,44,1.0
26,6,Declaration SUBMITTED by EMPLOYEE,19,1.0
42,4,Start trip,39,1.0
39,15,Declaration REJECTED by EMPLOYEE,43,1.0
43,5,End trip,40,1.0
39,6,Declaration SUBMITTED by EMPLOYEE,41,1.0
41,5,End trip,40,1.0
40,14,Declaration REJECTED by ADMINISTRATION,42,1.0
35,4,Start trip,39,1.0
39,1,Permit SUBMITTED by EMPLOYEE,36,1.0
45,18,Permit APPROVED by SUPERVISOR,53,1.0
53,19,Permit FINAL_APPROVED by DIRECTOR,54,1.0
54,6,Declaration SUBMITTED by EMPLOYEE,41,1.0
51,13,Declaration APPROVED by BUDGET OWNER,55,1.0
55,23,Declaration REJECTED by SUPERVISOR,56,1.0
56,15,Declaration REJECTED by EMPLOYEE,43,1.0
20,4,Start trip,17,1.0
17,8,Declaration FINAL_APPROVED by SUPERVISOR,22,1.0
57,6,Declaration SUBMITTED by EMPLOYEE,58,1.0
58,8,Declaration FINAL_APPROVED by SUPERVISOR,59,1.0
59,9,Request Payment,60,1.0
60,10,Payment Handled,61,1.0
61,4,Start trip,62,1.0
62,5,End trip,63,1.0
63,11,archive_application,64,1.0
65,6,Declaration SUBMITTED by EMPLOYEE,66,1.0
66,28,Declaration REJECTED by PRE_APPROVER,67,1.0
67,15,Declaration REJECTED by EMPLOYEE,68,1.0
68,6,Declaration SUBMITTED by EMPLOYEE,66,1.0
66,29,Declaration APPROVED by PRE_APPROVER,69,1.0
69,8,Declaration FINAL_APPROVED by SUPERVISOR,70,1.0
70,9,Request Payment,71,1.0
71,10,Payment Handled,72,1.0
72,4,Start trip,73,1.0
73,5,End trip,74,1.0
74,11,archive_application,75,1.0
69,23,Declaration REJECTED by SUPERVISOR,76,1.0
76,15,Declaration REJECTED by EMPLOYEE,68,1.0
66,23,Declaration REJECTED by SUPERVISOR,76,1.0
66,8,Declaration FINAL_APPROVED by SUPERVISOR,70,1.0
70,30,Declaration REJECTED by MISSING,77,1.0
77,6,Declaration SUBMITTED by EMPLOYEE,66,1.0
58,29,Declaration APPROVED by PRE_APPROVER,78,1.0
78,8,Declaration FINAL_APPROVED by SUPERVISOR,59,1.0
58,26,Declaration APPROVED by SUPERVISOR,79,1.0
79,27,Declaration FINAL_APPROVED by DIRECTOR,80,1.0
80,9,Request Payment,60,1.0
57,25,Declaration SAVED by EMPLOYEE,81,1.0
81,4,Start trip,62,1.0
58,23,Declaration REJECTED by SUPERVISOR,82,1.0
82,15,Declaration REJECTED by EMPLOYEE,83,1.0
83,6,Declaration SUBMITTED by EMPLOYEE,58,1.0
59,30,Declaration REJECTED by MISSING,84,1.0
84,4,Start trip,62,1.0
78,26,Declaration APPROVED by SUPERVISOR,79,1.0
84,6,Declaration SUBMITTED by EMPLOYEE,58,1.0
58,14,Declaration REJECTED by ADMINISTRATION,85,1.0
85,15,Declaration REJECTED by EMPLOYEE,83,1.0
83,4,Start trip,62,1.0
58,7,Declaration APPROVED by ADMINISTRATION,86,1.0
86,13,Declaration APPROVED by BUDGET OWNER,87,1.0
87,8,Declaration FINAL_APPROVED by SUPERVISOR,59,1.0
86,8,Declaration FINAL_APPROVED by SUPERVISOR,59,1.0
66,14,Declaration REJECTED by ADMINISTRATION,88,1.0
88,15,Declaration REJECTED by EMPLOYEE,68,1.0
66,7,Declaration APPROVED by ADMINISTRATION,89,1.0
89,8,Declaration FINAL_APPROVED by SUPERVISOR,70,1.0
86,26,Declaration APPROVED by SUPERVISOR,79,1.0
89,23,Declaration REJECTED by SUPERVISOR,76,1.0
89,13,Declaration APPROVED by BUDGET OWNER,90,1.0
90,8,Declaration FINAL_APPROVED by SUPERVISOR,70,1.0
68,4,Start trip,73,1.0
73,6,Declaration SUBMITTED by EMPLOYEE,66,1.0
70,5,End trip,74,1.0
74,9,Request Payment,71,1.0
72,11,archive_application,75,1.0
85,4,Start trip,62,1.0
63,15,Declaration REJECTED by EMPLOYEE,83,1.0
83,11,archive_application,64,1.0
87,23,Declaration REJECTED by SUPERVISOR,82,1.0
65,4,Start trip,73,1.0
74,6,Declaration SUBMITTED by EMPLOYEE,66,1.0
90,23,Declaration REJECTED by SUPERVISOR,76,1.0
89,26,Declaration APPROVED by SUPERVISOR,91,1.0
91,27,Declaration FINAL_APPROVED by DIRECTOR,92,1.0
92,9,Request Payment,71,1.0
59,4,Start trip,62,1.0
63,10,Payment Handled,61,1.0
61,9,Request Payment,60,1.0
60,11,archive_application,64,1.0
90,26,Declaration APPROVED by SUPERVISOR,91,1.0
87,26,Declaration APPROVED by SUPERVISOR,79,1.0
57,4,Start trip,62,1.0
63,6,Declaration SUBMITTED by EMPLOYEE,58,1.0
61,11,archive_application,64,1.0
63,9,Request Payment,60,1.0
90,5,End trip,74,1.0
74,8,Declaration FINAL_APPROVED by SUPERVISOR,70,1.0
88,4,Start trip,73,1.0
74,15,Declaration REJECTED by EMPLOYEE,68,1.0
66,4,Start trip,73,1.0
73,14,Declaration REJECTED by ADMINISTRATION,88,1.0
68,5,End trip,74,1.0
86,4,Start trip,62,1.0
62,13,Declaration APPROVED by BUDGET OWNER,87,1.0
87,5,End trip,63,1.0
63,8,Declaration FINAL_APPROVED by SUPERVISOR,59,1.0
63,25,Declaration SAVED by EMPLOYEE,81,1.0
81,11,archive_application,64,1.0
62,9,Request Payment,60,1.0
61,5,End trip,63,1.0
73,15,Declaration REJECTED by EMPLOYEE,68,1.0
89,5,End trip,74,1.0
74,13,Declaration APPROVED by BUDGET OWNER,90,1.0
60,4,Start trip,62,1.0
62,10,Payment Handled,61,1.0
74,7,Declaration APPROVED by ADMINISTRATION,89,1.0
89,17,Declaration REJECTED by BUDGET OWNER,93,1.0
93,15,Declaration REJECTED by EMPLOYEE,68,1.0
21,23,Declaration REJECTED by SUPERVISOR,46,1.0
37,18,Permit APPROVED by SUPERVISOR,53,1.0
54,4,Start trip,39,1.0
43,6,Declaration SUBMITTED by EMPLOYEE,41,1.0
28,16,Send Reminder,28,1.0
38,5,End trip,40,1.0
40,16,Send Reminder,94,1.0
94,25,Declaration SAVED by EMPLOYEE,48,1.0
40,1,Permit SUBMITTED by EMPLOYEE,36,1.0
54,25,Declaration SAVED by EMPLOYEE,48,1.0
13,4,Start trip,17,1.0
18,2,Permit APPROVED by ADMINISTRATION,14,1.0
94,6,Declaration SUBMITTED by EMPLOYEE,41,1.0
51,23,Declaration REJECTED by SUPERVISOR,56,1.0
22,5,End trip,18,1.0
18,9,Request Payment,23,1.0
13,5,End trip,18,1.0
30,4,Start trip,17,1.0
17,19,Permit FINAL_APPROVED by DIRECTOR,31,1.0
47,4,Start trip,17,1.0
17,21,Permit REJECTED by EMPLOYEE,33,1.0
65,1,Permit SUBMITTED by EMPLOYEE,95,1.0
95,2,Permit APPROVED by ADMINISTRATION,96,1.0
96,12,Permit APPROVED by BUDGET OWNER,97,1.0
97,3,Permit FINAL_APPROVED by SUPERVISOR,98,1.0
98,4,Start trip,73,1.0
97,18,Permit APPROVED by SUPERVISOR,99,1.0
99,19,Permit FINAL_APPROVED by DIRECTOR,100,1.0
100,4,Start trip,73,1.0
74,16,Send Reminder,101,1.0
101,6,Declaration SUBMITTED by EMPLOYEE,66,1.0
96,3,Permit FINAL_APPROVED by SUPERVISOR,98,1.0
36,24,Permit REJECTED by ADMINISTRATION,102,1.0
102,21,Permit REJECTED by EMPLOYEE,103,1.0
103,1,Permit SUBMITTED by EMPLOYEE,36,1.0
97,4,Start trip,73,1.0
73,3,Permit FINAL_APPROVED by SUPERVISOR,98,1.0
98,5,End trip,74,1.0
96,4,Start trip,73,1.0
74,3,Permit FINAL_APPROVED by SUPERVISOR,98,1.0
98,6,Declaration SUBMITTED by EMPLOYEE,66,1.0
74,1,Permit SUBMITTED by EMPLOYEE,95,1.0
73,1,Permit SUBMITTED by EMPLOYEE,95,1.0
97,5,End trip,74,1.0
74,20,Permit REJECTED by SUPERVISOR,104,1.0
104,21,Permit REJECTED by EMPLOYEE,105,1.0
105,1,Permit SUBMITTED by EMPLOYEE,95,1.0
98,16,Send Reminder,101,1.0
96,18,Permit APPROVED by SUPERVISOR,99,1.0
99,4,Start trip,73,1.0
74,19,Permit FINAL_APPROVED by DIRECTOR,100,1.0
100,6,Declaration SUBMITTED by EMPLOYEE,66,1.0
96,16,Send Reminder,101,1.0
101,3,Permit FINAL_APPROVED by SUPERVISOR,98,1.0
43,25,Declaration SAVED by EMPLOYEE,48,1.0
73,12,Permit APPROVED by BUDGET OWNER,97,1.0
96,20,Permit REJECTED by SUPERVISOR,104,1.0
73,7,Declaration APPROVED by ADMINISTRATION,89,1.0
93,5,End trip,74,1.0
21,4,Start trip,17,1.0
66,5,End trip,74,1.0
99,5,End trip,74,1.0
97,16,Send Reminder,101,1.0
95,4,Start trip,73,1.0
74,2,Permit APPROVED by ADMINISTRATION,96,1.0
95,24,Permit REJECTED by ADMINISTRATION,106,1.0
106,21,Permit REJECTED by EMPLOYEE,105,1.0
97,20,Permit REJECTED by SUPERVISOR,104,1.0
73,19,Permit FINAL_APPROVED by DIRECTOR,100,1.0
100,5,End trip,74,1.0
53,4,Start trip,39,1.0
39,19,Permit FINAL_APPROVED by DIRECTOR,54,1.0
54,5,End trip,40,1.0
37,20,Permit REJECTED by SUPERVISOR,107,1.0
107,21,Permit REJECTED by EMPLOYEE,103,1.0
88,5,End trip,74,1.0
74,12,Permit APPROVED by BUDGET OWNER,97,1.0
39,3,Permit FINAL_APPROVED by SUPERVISOR,38,1.0
74,14,Declaration REJECTED by ADMINISTRATION,88,1.0
72,5,End trip,74,1.0
70,4,Start trip,73,1.0
63,1,Permit SUBMITTED by EMPLOYEE,108,1.0
108,2,Permit APPROVED by ADMINISTRATION,109,1.0
109,3,Permit FINAL_APPROVED by SUPERVISOR,110,1.0
110,6,Declaration SUBMITTED by EMPLOYEE,58,1.0
86,23,Declaration REJECTED by SUPERVISOR,82,1.0
38,25,Declaration SAVED by EMPLOYEE,48,1.0
48,4,Start trip,39,1.0
57,1,Permit SUBMITTED by EMPLOYEE,108,1.0
109,12,Permit APPROVED by BUDGET OWNER,111,1.0
111,3,Permit FINAL_APPROVED by SUPERVISOR,110,1.0
110,4,Start trip,62,1.0
96,22,Permit REJECTED by BUDGET OWNER,112,1.0
112,21,Permit REJECTED by EMPLOYEE,105,1.0
111,18,Permit APPROVED by SUPERVISOR,113,1.0
113,19,Permit FINAL_APPROVED by DIRECTOR,114,1.0
114,4,Start trip,62,1.0
85,6,Declaration SUBMITTED by EMPLOYEE,58,1.0
91,31,Declaration REJECTED by DIRECTOR,115,1.0
115,15,Declaration REJECTED by EMPLOYEE,68,1.0
62,1,Permit SUBMITTED by EMPLOYEE,108,1.0
110,5,End trip,63,1.0
63,16,Send Reminder,116,1.0
116,6,Declaration SUBMITTED by EMPLOYEE,58,1.0
101,16,Send Reminder,101,1.0
56,11,archive_application,44,1.0
88,6,Declaration SUBMITTED by EMPLOYEE,66,1.0
114,6,Declaration SUBMITTED by EMPLOYEE,58,1.0
62,15,Declaration REJECTED by EMPLOYEE,83,1.0
83,5,End trip,63,1.0
96,5,End trip,74,1.0
117,1,Permit SUBMITTED by EMPLOYEE,118,1.0
118,2,Permit APPROVED by ADMINISTRATION,119,1.0
119,12,Permit APPROVED by BUDGET OWNER,120,1.0
120,3,Permit FINAL_APPROVED by SUPERVISOR,121,1.0
121,4,Start trip,122,1.0
122,5,End trip,123,1.0
123,6,Declaration SUBMITTED by EMPLOYEE,124,1.0
124,7,Declaration APPROVED by ADMINISTRATION,125,1.0
125,13,Declaration APPROVED by BUDGET OWNER,126,1.0
126,8,Declaration FINAL_APPROVED by SUPERVISOR,127,1.0
127,9,Request Payment,128,1.0
128,10,Payment Handled,129,1.0
129,11,archive_application,130,1.0
119,3,Permit FINAL_APPROVED by SUPERVISOR,121,1.0
125,8,Declaration FINAL_APPROVED by SUPERVISOR,127,1.0
124,14,Declaration REJECTED by ADMINISTRATION,131,1.0
131,15,Declaration REJECTED by EMPLOYEE,132,1.0
132,6,Declaration SUBMITTED by EMPLOYEE,124,1.0
117,4,Start trip,122,1.0
123,1,Permit SUBMITTED by EMPLOYEE,118,1.0
121,6,Declaration SUBMITTED by EMPLOYEE,124,1.0
119,4,Start trip,122,1.0
123,3,Permit FINAL_APPROVED by SUPERVISOR,121,1.0
119,18,Permit APPROVED by SUPERVISOR,133,1.0
133,19,Permit FINAL_APPROVED by DIRECTOR,134,1.0
134,4,Start trip,122,1.0
120,18,Permit APPROVED by SUPERVISOR,133,1.0
125,26,Declaration APPROVED by SUPERVISOR,135,1.0
135,27,Declaration FINAL_APPROVED by DIRECTOR,136,1.0
136,9,Request Payment,128,1.0
119,22,Permit REJECTED by BUDGET OWNER,137,1.0
137,21,Permit REJECTED by EMPLOYEE,138,1.0
138,1,Permit SUBMITTED by EMPLOYEE,118,1.0
122,1,Permit SUBMITTED by EMPLOYEE,118,1.0
121,5,End trip,123,1.0
123,16,Send Reminder,139,1.0
139,6,Declaration SUBMITTED by EMPLOYEE,124,1.0
121,16,Send Reminder,139,1.0
123,12,Permit APPROVED by BUDGET OWNER,120,1.0
124,4,Start trip,122,1.0
123,7,Declaration APPROVED by ADMINISTRATION,125,1.0
122,6,Declaration SUBMITTED by EMPLOYEE,124,1.0
131,5,End trip,123,1.0
123,15,Declaration REJECTED by EMPLOYEE,132,1.0
118,24,Permit REJECTED by ADMINISTRATION,140,1.0
140,21,Permit REJECTED by EMPLOYEE,138,1.0
129,4,Start trip,122,1.0
123,11,archive_application,130,1.0
119,20,Permit REJECTED by SUPERVISOR,141,1.0
141,21,Permit REJECTED by EMPLOYEE,138,1.0
125,17,Declaration REJECTED by BUDGET OWNER,142,1.0
142,15,Declaration REJECTED by EMPLOYEE,132,1.0
120,5,End trip,123,1.0
119,5,End trip,123,1.0
125,5,End trip,123,1.0
123,8,Declaration FINAL_APPROVED by SUPERVISOR,127,1.0
126,26,Declaration APPROVED by SUPERVISOR,135,1.0
122,3,Permit FINAL_APPROVED by SUPERVISOR,121,1.0
128,5,End trip,123,1.0
123,10,Payment Handled,129,1.0
122,12,Permit APPROVED by BUDGET OWNER,120,1.0
128,4,Start trip,122,1.0
122,10,Payment Handled,129,1.0
129,5,End trip,123,1.0
109,4,Start trip,62,1.0
62,12,Permit APPROVED by BUDGET OWNER,111,1.0
111,5,End trip,63,1.0
63,3,Permit FINAL_APPROVED by SUPERVISOR,110,1.0
110,16,Send Reminder,116,1.0
139,16,Send Reminder,139,1.0
120,4,Start trip,122,1.0
111,4,Start trip,62,1.0
62,3,Permit FINAL_APPROVED by SUPERVISOR,110,1.0
125,23,Declaration REJECTED by SUPERVISOR,143,1.0
143,15,Declaration REJECTED by EMPLOYEE,132,1.0
123,13,Declaration APPROVED by BUDGET OWNER,126,1.0
126,5,End trip,123,1.0
122,18,Permit APPROVED by SUPERVISOR,133,1.0
134,5,End trip,123,1.0
108,24,Permit REJECTED by ADMINISTRATION,144,1.0
144,21,Permit REJECTED by EMPLOYEE,145,1.0
145,1,Permit SUBMITTED by EMPLOYEE,108,1.0
134,6,Declaration SUBMITTED by EMPLOYEE,124,1.0
124,5,End trip,123,1.0
126,4,Start trip,122,1.0
123,20,Permit REJECTED by SUPERVISOR,141,1.0
120,19,Permit FINAL_APPROVED by DIRECTOR,134,1.0
134,18,Permit APPROVED by SUPERVISOR,133,1.0
133,4,Start trip,122,1.0
123,18,Permit APPROVED by SUPERVISOR,133,1.0
122,14,Declaration REJECTED by ADMINISTRATION,131,1.0
132,5,End trip,123,1.0
131,6,Declaration SUBMITTED by EMPLOYEE,124,1.0
59,10,Payment Handled,61,1.0
62,6,Declaration SUBMITTED by EMPLOYEE,58,1.0
123,14,Declaration REJECTED by ADMINISTRATION,131,1.0
146,4,Start trip,147,1.0
147,5,End trip,148,1.0
148,1,Permit SUBMITTED by EMPLOYEE,149,1.0
149,2,Permit APPROVED by ADMINISTRATION,150,1.0
150,3,Permit FINAL_APPROVED by SUPERVISOR,151,1.0
151,6,Declaration SUBMITTED by EMPLOYEE,152,1.0
152,7,Declaration APPROVED by ADMINISTRATION,153,1.0
153,8,Declaration FINAL_APPROVED by SUPERVISOR,154,1.0
154,9,Request Payment,155,1.0
155,10,Payment Handled,156,1.0
156,11,archive_application,157,1.0
146,1,Permit SUBMITTED by EMPLOYEE,149,1.0
150,12,Permit APPROVED by BUDGET OWNER,158,1.0
158,3,Permit FINAL_APPROVED by SUPERVISOR,151,1.0
151,4,Start trip,147,1.0
148,6,Declaration SUBMITTED by EMPLOYEE,152,1.0
152,14,Declaration REJECTED by ADMINISTRATION,159,1.0
159,15,Declaration REJECTED by EMPLOYEE,160,1.0
160,6,Declaration SUBMITTED by EMPLOYEE,152,1.0
153,13,Declaration APPROVED by BUDGET OWNER,161,1.0
161,8,Declaration FINAL_APPROVED by SUPERVISOR,154,1.0
148,16,Send Reminder,162,1.0
162,6,Declaration SUBMITTED by EMPLOYEE,152,1.0
150,18,Permit APPROVED by SUPERVISOR,163,1.0
163,19,Permit FINAL_APPROVED by DIRECTOR,164,1.0
164,4,Start trip,147,1.0
147,6,Declaration SUBMITTED by EMPLOYEE,152,1.0
154,5,End trip,148,1.0
148,9,Request Payment,155,1.0
153,26,Declaration APPROVED by SUPERVISOR,165,1.0
165,27,Declaration FINAL_APPROVED by DIRECTOR,166,1.0
166,9,Request Payment,155,1.0
150,4,Start trip,147,1.0
148,12,Permit APPROVED by BUDGET OWNER,158,1.0
150,16,Send Reminder,162,1.0
162,3,Permit FINAL_APPROVED by SUPERVISOR,151,1.0
156,4,Start trip,147,1.0
148,11,archive_application,157,1.0
158,18,Permit APPROVED by SUPERVISOR,163,1.0
153,23,Declaration REJECTED by SUPERVISOR,167,1.0
167,15,Declaration REJECTED by EMPLOYEE,160,1.0
149,24,Permit REJECTED by ADMINISTRATION,168,1.0
168,21,Permit REJECTED by EMPLOYEE,169,1.0
169,1,Permit SUBMITTED by EMPLOYEE,149,1.0
147,1,Permit SUBMITTED by EMPLOYEE,149,1.0
150,5,End trip,148,1.0
148,3,Permit FINAL_APPROVED by SUPERVISOR,151,1.0
147,12,Permit APPROVED by BUDGET OWNER,158,1.0
151,5,End trip,148,1.0
153,4,Start trip,147,1.0
147,8,Declaration FINAL_APPROVED by SUPERVISOR,154,1.0
156,5,End trip,148,1.0
153,17,Declaration REJECTED by BUDGET OWNER,170,1.0
170,15,Declaration REJECTED by EMPLOYEE,160,1.0
150,22,Permit REJECTED by BUDGET OWNER,171,1.0
171,21,Permit REJECTED by EMPLOYEE,169,1.0
164,6,Declaration SUBMITTED by EMPLOYEE,152,1.0
152,4,Start trip,147,1.0
148,7,Declaration APPROVED by ADMINISTRATION,153,1.0
147,20,Permit REJECTED by SUPERVISOR,172,1.0
172,21,Permit REJECTED by EMPLOYEE,169,1.0
158,4,Start trip,147,1.0
148,14,Declaration REJECTED by ADMINISTRATION,159,1.0
158,16,Send Reminder,162,1.0
173,1,Permit SUBMITTED by EMPLOYEE,174,1.0
174,2,Permit APPROVED by ADMINISTRATION,175,1.0
175,3,Permit FINAL_APPROVED by SUPERVISOR,176,1.0
176,4,Start trip,177,1.0
177,5,End trip,178,1.0
178,6,Declaration SUBMITTED by EMPLOYEE,179,1.0
179,14,Declaration REJECTED by ADMINISTRATION,180,1.0
180,15,Declaration REJECTED by EMPLOYEE,181,1.0
181,11,archive_application,182,1.0
151,16,Send Reminder,162,1.0
173,4,Start trip,177,1.0
177,1,Permit SUBMITTED by EMPLOYEE,174,1.0
176,5,End trip,178,1.0
176,6,Declaration SUBMITTED by EMPLOYEE,179,1.0
180,5,End trip,178,1.0
178,15,Declaration REJECTED by EMPLOYEE,181,1.0
153,5,End trip,148,1.0
148,8,Declaration FINAL_APPROVED by SUPERVISOR,154,1.0
155,4,Start trip,147,1.0
147,10,Payment Handled,156,1.0
177,6,Declaration SUBMITTED by EMPLOYEE,179,1.0
179,5,End trip,178,1.0
178,14,Declaration REJECTED by ADMINISTRATION,180,1.0
147,3,Permit FINAL_APPROVED by SUPERVISOR,151,1.0
155,5,End trip,148,1.0
148,10,Payment Handled,156,1.0
161,4,Start trip,147,1.0
175,12,Permit APPROVED by BUDGET OWNER,183,1.0
183,18,Permit APPROVED by SUPERVISOR,184,1.0
184,19,Permit FINAL_APPROVED by DIRECTOR,185,1.0
185,4,Start trip,177,1.0
161,26,Declaration APPROVED by SUPERVISOR,165,1.0
148,13,Declaration APPROVED by BUDGET OWNER,161,1.0
152,5,End trip,148,1.0
161,23,Declaration REJECTED by SUPERVISOR,167,1.0
158,20,Permit REJECTED by SUPERVISOR,172,1.0
183,3,Permit FINAL_APPROVED by SUPERVISOR,176,1.0
159,6,Declaration SUBMITTED by EMPLOYEE,152,1.0
162,16,Send Reminder,162,1.0
169,4,Start trip,147,1.0
175,4,Start trip,177,1.0
177,3,Permit FINAL_APPROVED by SUPERVISOR,176,1.0
150,20,Permit REJECTED by SUPERVISOR,172,1.0
181,6,Declaration SUBMITTED by EMPLOYEE,179,1.0
179,7,Declaration APPROVED by ADMINISTRATION,186,1.0
186,13,Declaration APPROVED by BUDGET OWNER,187,1.0
187,23,Declaration REJECTED by SUPERVISOR,188,1.0
188,15,Declaration REJECTED by EMPLOYEE,181,1.0
183,4,Start trip,177,1.0
178,25,Declaration SAVED by EMPLOYEE,189,1.0
189,11,archive_application,182,1.0
161,5,End trip,148,1.0
148,18,Permit APPROVED by SUPERVISOR,163,1.0
164,16,Send Reminder,162,1.0
159,5,End trip,148,1.0
148,15,Declaration REJECTED by EMPLOYEE,160,1.0
175,18,Permit APPROVED by SUPERVISOR,184,1.0
186,26,Declaration APPROVED by SUPERVISOR,190,1.0
190,27,Declaration FINAL_APPROVED by DIRECTOR,191,1.0
191,9,Request Payment,192,1.0
192,10,Payment Handled,193,1.0
193,11,archive_application,182,1.0
178,1,Permit SUBMITTED by EMPLOYEE,174,1.0
186,8,Declaration FINAL_APPROVED by SUPERVISOR,194,1.0
194,9,Request Payment,192,1.0
175,20,Permit REJECTED by SUPERVISOR,195,1.0
195,21,Permit REJECTED by EMPLOYEE,196,1.0
196,1,Permit SUBMITTED by EMPLOYEE,174,1.0
187,8,Declaration FINAL_APPROVED by SUPERVISOR,194,1.0
176,16,Send Reminder,197,1.0
197,6,Declaration SUBMITTED by EMPLOYEE,179,1.0
178,3,Permit FINAL_APPROVED by SUPERVISOR,176,1.0
186,5,End trip,178,1.0
178,13,Declaration APPROVED by BUDGET OWNER,187,1.0
180,6,Declaration SUBMITTED by EMPLOYEE,179,1.0
174,24,Permit REJECTED by ADMINISTRATION,198,1.0
198,21,Permit REJECTED by EMPLOYEE,196,1.0
193,4,Start trip,177,1.0
178,11,archive_application,182,1.0
175,5,End trip,178,1.0
186,23,Declaration REJECTED by SUPERVISOR,188,1.0
178,16,Send Reminder,197,1.0
177,12,Permit APPROVED by BUDGET OWNER,183,1.0
178,7,Declaration APPROVED by ADMINISTRATION,186,1.0
183,20,Permit REJECTED by SUPERVISOR,195,1.0
179,4,Start trip,177,1.0
178,12,Permit APPROVED by BUDGET OWNER,183,1.0
186,17,Declaration REJECTED by BUDGET OWNER,199,1.0
199,15,Declaration REJECTED by EMPLOYEE,181,1.0
37,5,End trip,40,1.0
200,1,Permit SUBMITTED by EMPLOYEE,201,1.0
201,2,Permit APPROVED by ADMINISTRATION,202,1.0
202,3,Permit FINAL_APPROVED by SUPERVISOR,203,1.0
203,4,Start trip,204,1.0
204,5,End trip,205,1.0
205,6,Declaration SUBMITTED by EMPLOYEE,206,1.0
206,7,Declaration APPROVED by ADMINISTRATION,207,1.0
207,23,Declaration REJECTED by SUPERVISOR,208,1.0
208,15,Declaration REJECTED by EMPLOYEE,209,1.0
209,11,archive_application,210,1.0
206,14,Declaration REJECTED by ADMINISTRATION,211,1.0
211,15,Declaration REJECTED by EMPLOYEE,209,1.0
192,5,End trip,178,1.0
178,10,Payment Handled,193,1.0
183,5,End trip,178,1.0
179,15,Declaration REJECTED by EMPLOYEE,181,1.0
45,4,Start trip,39,1.0
174,4,Start trip,177,1.0
178,2,Permit APPROVED by ADMINISTRATION,175,1.0
177,2,Permit APPROVED by ADMINISTRATION,175,1.0
193,5,End trip,178,1.0
200,4,Start trip,204,1.0
204,1,Permit SUBMITTED by EMPLOYEE,201,1.0
202,12,Permit APPROVED by BUDGET OWNER,212,1.0
212,3,Permit FINAL_APPROVED by SUPERVISOR,203,1.0
203,6,Declaration SUBMITTED by EMPLOYEE,206,1.0
209,5,End trip,205,1.0
205,11,archive_application,210,1.0
184,4,Start trip,177,1.0
177,19,Permit FINAL_APPROVED by DIRECTOR,185,1.0
185,6,Declaration SUBMITTED by EMPLOYEE,179,1.0
205,16,Send Reminder,213,1.0
213,25,Declaration SAVED by EMPLOYEE,214,1.0
214,11,archive_application,210,1.0
175,22,Permit REJECTED by BUDGET OWNER,215,1.0
215,21,Permit REJECTED by EMPLOYEE,196,1.0
196,5,End trip,178,1.0
209,4,Start trip,204,1.0
40,12,Permit APPROVED by BUDGET OWNER,45,1.0
177,20,Permit REJECTED by SUPERVISOR,195,1.0
195,5,End trip,178,1.0
178,21,Permit REJECTED by EMPLOYEE,196,1.0
175,16,Send Reminder,197,1.0
197,3,Permit FINAL_APPROVED by SUPERVISOR,176,1.0
178,8,Declaration FINAL_APPROVED by SUPERVISOR,194,1.0
187,26,Declaration APPROVED by SUPERVISOR,190,1.0
192,4,Start trip,177,1.0
177,10,Payment Handled,193,1.0
209,6,Declaration SUBMITTED by EMPLOYEE,206,1.0
207,8,Declaration FINAL_APPROVED by SUPERVISOR,216,1.0
216,9,Request Payment,217,1.0
217,10,Payment Handled,218,1.0
218,11,archive_application,210,1.0
205,1,Permit SUBMITTED by EMPLOYEE,201,1.0
207,13,Declaration APPROVED by BUDGET OWNER,219,1.0
219,8,Declaration FINAL_APPROVED by SUPERVISOR,216,1.0
202,4,Start trip,204,1.0
205,3,Permit FINAL_APPROVED by SUPERVISOR,203,1.0
202,16,Send Reminder,213,1.0
213,12,Permit APPROVED by BUDGET OWNER,212,1.0
213,6,Declaration SUBMITTED by EMPLOYEE,206,1.0
211,6,Declaration SUBMITTED by EMPLOYEE,206,1.0
206,15,Declaration REJECTED by EMPLOYEE,209,1.0
202,18,Permit APPROVED by SUPERVISOR,220,1.0
220,4,Start trip,204,1.0
204,19,Permit FINAL_APPROVED by DIRECTOR,221,1.0
221,5,End trip,205,1.0
203,5,End trip,205,1.0
204,6,Declaration SUBMITTED by EMPLOYEE,206,1.0
218,5,End trip,205,1.0
207,5,End trip,205,1.0
205,8,Declaration FINAL_APPROVED by SUPERVISOR,216,1.0
212,18,Permit APPROVED by SUPERVISOR,220,1.0
220,19,Permit FINAL_APPROVED by DIRECTOR,221,1.0
221,4,Start trip,204,1.0
219,5,End trip,205,1.0
202,5,End trip,205,1.0
212,4,Start trip,204,1.0
203,16,Send Reminder,213,1.0
207,26,Declaration APPROVED by SUPERVISOR,222,1.0
222,27,Declaration FINAL_APPROVED by DIRECTOR,223,1.0
223,9,Request Payment,217,1.0
201,24,Permit REJECTED by ADMINISTRATION,224,1.0
224,21,Permit REJECTED by EMPLOYEE,225,1.0
225,1,Permit SUBMITTED by EMPLOYEE,201,1.0
212,20,Permit REJECTED by SUPERVISOR,226,1.0
226,21,Permit REJECTED by EMPLOYEE,225,1.0
216,4,Start trip,204,1.0
204,9,Request Payment,217,1.0
218,4,Start trip,204,1.0
221,6,Declaration SUBMITTED by EMPLOYEE,206,1.0
204,12,Permit APPROVED by BUDGET OWNER,212,1.0
202,20,Permit REJECTED by SUPERVISOR,226,1.0
219,26,Declaration APPROVED by SUPERVISOR,222,1.0
204,3,Permit FINAL_APPROVED by SUPERVISOR,203,1.0
206,4,Start trip,204,1.0
205,7,Declaration APPROVED by ADMINISTRATION,207,1.0
205,13,Declaration APPROVED by BUDGET OWNER,219,1.0
225,4,Start trip,204,1.0
205,12,Permit APPROVED by BUDGET OWNER,212,1.0
208,6,Declaration SUBMITTED by EMPLOYEE,206,1.0
201,4,Start trip,204,1.0
205,2,Permit APPROVED by ADMINISTRATION,202,1.0
207,17,Declaration REJECTED by BUDGET OWNER,227,1.0
227,15,Declaration REJECTED by EMPLOYEE,209,1.0
206,5,End trip,205,1.0
213,16,Send Reminder,213,1.0
202,22,Permit REJECTED by BUDGET OWNER,228,1.0
228,21,Permit REJECTED by EMPLOYEE,225,1.0
204,2,Permit APPROVED by ADMINISTRATION,202,1.0
212,5,End trip,205,1.0
213,3,Permit FINAL_APPROVED by SUPERVISOR,203,1.0
204,18,Permit APPROVED by SUPERVISOR,220,1.0
2,12,Permit APPROVED by BUDGET OWNER,229,1.0
229,3,Permit FINAL_APPROVED by SUPERVISOR,3,1.0
6,14,Declaration REJECTED by ADMINISTRATION,230,1.0
230,15,Declaration REJECTED by EMPLOYEE,231,1.0
231,11,archive_application,11,1.0
153,32,Permit REJECTED by MISSING,232,1.0
232,8,Declaration FINAL_APPROVED by SUPERVISOR,154,1.0
229,18,Permit APPROVED by SUPERVISOR,233,1.0
233,19,Permit FINAL_APPROVED by DIRECTOR,234,1.0
234,4,Start trip,4,1.0
219,23,Declaration REJECTED by SUPERVISOR,208,1.0
218,16,Send Reminder,213,1.0
213,11,archive_application,210,1.0
205,14,Declaration REJECTED by ADMINISTRATION,211,1.0
204,14,Declaration REJECTED by ADMINISTRATION,211,1.0
211,5,End trip,205,1.0
205,15,Declaration REJECTED by EMPLOYEE,209,1.0
207,4,Start trip,204,1.0
38,16,Send Reminder,94,1.0
5,16,Send Reminder,235,1.0
235,6,Declaration SUBMITTED by EMPLOYEE,6,1.0
7,13,Declaration APPROVED by BUDGET OWNER,236,1.0
236,8,Declaration FINAL_APPROVED by SUPERVISOR,8,1.0
0,4,Start trip,4,1.0
5,1,Permit SUBMITTED by EMPLOYEE,1,1.0
3,6,Declaration SUBMITTED by EMPLOYEE,6,1.0
2,4,Start trip,4,1.0
5,3,Permit FINAL_APPROVED by SUPERVISOR,3,1.0
231,6,Declaration SUBMITTED by EMPLOYEE,6,1.0
235,16,Send Reminder,235,1.0
6,4,Start trip,4,1.0
5,7,Declaration APPROVED by ADMINISTRATION,7,1.0
229,4,Start trip,4,1.0
4,3,Permit FINAL_APPROVED by SUPERVISOR,3,1.0
3,5,End trip,5,1.0
236,23,Declaration REJECTED by SUPERVISOR,237,1.0
237,15,Declaration REJECTED by EMPLOYEE,231,1.0
5,12,Permit APPROVED by BUDGET OWNER,229,1.0
3,16,Send Reminder,235,1.0
1,24,Permit REJECTED by ADMINISTRATION,238,1.0
238,21,Permit REJECTED by EMPLOYEE,239,1.0
239,1,Permit SUBMITTED by EMPLOYEE,1,1.0
2,18,Permit APPROVED by SUPERVISOR,233,1.0
8,10,Payment Handled,10,1.0
236,26,Declaration APPROVED by SUPERVISOR,240,1.0
240,27,Declaration FINAL_APPROVED by DIRECTOR,241,1.0
241,9,Request Payment,9,1.0
4,12,Permit APPROVED by BUDGET OWNER,229,1.0
229,5,End trip,5,1.0
4,1,Permit SUBMITTED by EMPLOYEE,1,1.0
234,6,Declaration SUBMITTED by EMPLOYEE,6,1.0
7,26,Declaration APPROVED by SUPERVISOR,240,1.0
10,5,End trip,5,1.0
5,11,archive_application,11,1.0
2,5,End trip,5,1.0
7,23,Declaration REJECTED by SUPERVISOR,237,1.0
7,17,Declaration REJECTED by BUDGET OWNER,242,1.0
242,15,Declaration REJECTED by EMPLOYEE,231,1.0
7,5,End trip,5,1.0
5,8,Declaration FINAL_APPROVED by SUPERVISOR,8,1.0
5,14,Declaration REJECTED by ADMINISTRATION,230,1.0
229,16,Send Reminder,235,1.0
235,3,Permit FINAL_APPROVED by SUPERVISOR,3,1.0
230,6,Declaration SUBMITTED by EMPLOYEE,6,1.0
4,6,Declaration SUBMITTED by EMPLOYEE,6,1.0
6,5,End trip,5,1.0
10,4,Start trip,4,1.0
5,25,Declaration SAVED by EMPLOYEE,243,1.0
243,11,archive_application,11,1.0
4,25,Declaration SAVED by EMPLOYEE,243,1.0
243,5,End trip,5,1.0
5,13,Declaration APPROVED by BUDGET OWNER,236,1.0
2,22,Permit REJECTED by BUDGET OWNER,244,1.0
244,21,Permit REJECTED by EMPLOYEE,239,1.0
1,20,Permit REJECTED by SUPERVISOR,245,1.0
245,5,End trip,5,1.0
5,21,Permit REJECTED by EMPLOYEE,239,1.0
245,21,Permit REJECTED by EMPLOYEE,239,1.0
2,20,Permit REJECTED by SUPERVISOR,245,1.0
237,6,Declaration SUBMITTED by EMPLOYEE,6,1.0
9,4,Start trip,4,1.0
4,10,Payment Handled,10,1.0
229,20,Permit REJECTED by SUPERVISOR,245,1.0
245,4,Start trip,4,1.0
4,21,Permit REJECTED by EMPLOYEE,239,1.0
239,5,End trip,5,1.0
234,5,End trip,5,1.0
36,3,Permit FINAL_APPROVED by SUPERVISOR,38,1.0
41,8,Declaration FINAL_APPROVED by SUPERVISOR,246,1.0
246,9,Request Payment,247,1.0
247,10,Payment Handled,248,1.0
248,11,archive_application,44,1.0
249,1,Permit SUBMITTED by EMPLOYEE,250,1.0
250,33,Permit APPROVED by PRE_APPROVER,251,1.0
251,3,Permit FINAL_APPROVED by SUPERVISOR,252,1.0
252,4,Start trip,253,1.0
253,5,End trip,254,1.0
254,6,Declaration SUBMITTED by EMPLOYEE,255,1.0
255,8,Declaration FINAL_APPROVED by SUPERVISOR,256,1.0
256,9,Request Payment,257,1.0
257,10,Payment Handled,258,1.0
258,11,archive_application,259,1.0
252,6,Declaration SUBMITTED by EMPLOYEE,255,1.0
255,28,Declaration REJECTED by PRE_APPROVER,260,1.0
260,15,Declaration REJECTED by EMPLOYEE,261,1.0
261,4,Start trip,253,1.0
254,11,archive_application,259,1.0
1,33,Permit APPROVED by PRE_APPROVER,262,1.0
262,3,Permit FINAL_APPROVED by SUPERVISOR,3,1.0
5,29,Declaration APPROVED by PRE_APPROVER,263,1.0
263,8,Declaration FINAL_APPROVED by SUPERVISOR,8,1.0
1,18,Permit APPROVED by SUPERVISOR,233,1.0
6,26,Declaration APPROVED by SUPERVISOR,240,1.0
6,29,Declaration APPROVED by PRE_APPROVER,263,1.0
255,29,Declaration APPROVED by PRE_APPROVER,264,1.0
264,8,Declaration FINAL_APPROVED by SUPERVISOR,256,1.0
256,30,Declaration REJECTED by MISSING,265,1.0
265,11,archive_application,259,1.0
241,30,Declaration REJECTED by MISSING,266,1.0
266,6,Declaration SUBMITTED by EMPLOYEE,6,1.0
1,34,Permit REJECTED by PRE_APPROVER,267,1.0
267,21,Permit REJECTED by EMPLOYEE,239,1.0
41,29,Declaration APPROVED by PRE_APPROVER,268,1.0
268,8,Declaration FINAL_APPROVED by SUPERVISOR,246,1.0
262,18,Permit APPROVED by SUPERVISOR,233,1.0
6,28,Declaration REJECTED by PRE_APPROVER,269,1.0
269,15,Declaration REJECTED by EMPLOYEE,231,1.0
36,33,Permit APPROVED by PRE_APPROVER,270,1.0
270,4,Start trip,39,1.0
1,3,Permit FINAL_APPROVED by SUPERVISOR,3,1.0
6,8,Declaration FINAL_APPROVED by SUPERVISOR,8,1.0
8,30,Declaration REJECTED by MISSING,266,1.0
247,5,End trip,40,1.0
40,10,Payment Handled,248,1.0
263,26,Declaration APPROVED by SUPERVISOR,240,1.0
262,5,End trip,5,1.0
8,5,End trip,5,1.0
5,30,Declaration REJECTED by MISSING,266,1.0
36,18,Permit APPROVED by SUPERVISOR,53,1.0
5,32,Permit REJECTED by MISSING,271,1.0
271,1,Permit SUBMITTED by EMPLOYEE,1,1.0
6,32,Permit REJECTED by MISSING,271,1.0
3,29,Declaration APPROVED by PRE_APPROVER,263,1.0
266,4,Start trip,4,1.0
174,33,Permit APPROVED by PRE_APPROVER,272,1.0
272,3,Permit FINAL_APPROVED by SUPERVISOR,176,1.0
179,29,Declaration APPROVED by PRE_APPROVER,273,1.0
273,8,Declaration FINAL_APPROVED by SUPERVISOR,194,1.0
194,32,Permit REJECTED by MISSING,274,1.0
274,9,Request Payment,192,1.0
6,23,Declaration REJECTED by SUPERVISOR,237,1.0
270,3,Permit FINAL_APPROVED by SUPERVISOR,38,1.0
240,31,Declaration REJECTED by DIRECTOR,275,1.0
275,15,Declaration REJECTED by EMPLOYEE,231,1.0
250,3,Permit FINAL_APPROVED by SUPERVISOR,252,1.0
40,19,Permit FINAL_APPROVED by DIRECTOR,54,1.0
48,32,Permit REJECTED by MISSING,276,1.0
276,11,archive_application,44,1.0
38,33,Permit APPROVED by PRE_APPROVER,270,1.0
263,23,Declaration REJECTED by SUPERVISOR,237,1.0
51,8,Declaration FINAL_APPROVED by SUPERVISOR,246,1.0
262,4,Start trip,4,1.0
5,28,Declaration REJECTED by PRE_APPROVER,269,1.0
6,27,Declaration FINAL_APPROVED by DIRECTOR,241,1.0
241,26,Declaration APPROVED by SUPERVISOR,240,1.0
240,9,Request Payment,9,1.0
9,5,End trip,5,1.0
5,10,Payment Handled,10,1.0
257,4,Start trip,253,1.0
253,10,Payment Handled,258,1.0
258,5,End trip,254,1.0
233,4,Start trip,4,1.0
4,19,Permit FINAL_APPROVED by DIRECTOR,234,1.0
3,32,Permit REJECTED by MISSING,271,1.0
201,33,Permit APPROVED by PRE_APPROVER,277,1.0
277,3,Permit FINAL_APPROVED by SUPERVISOR,203,1.0
206,29,Declaration APPROVED by PRE_APPROVER,278,1.0
278,8,Declaration FINAL_APPROVED by SUPERVISOR,216,1.0
41,4,Start trip,39,1.0
40,8,Declaration FINAL_APPROVED by SUPERVISOR,246,1.0
262,20,Permit REJECTED by SUPERVISOR,245,1.0
1,4,Start trip,4,1.0
5,33,Permit APPROVED by PRE_APPROVER,262,1.0
250,20,Permit REJECTED by SUPERVISOR,279,1.0
279,21,Permit REJECTED by EMPLOYEE,280,1.0
280,1,Permit SUBMITTED by EMPLOYEE,250,1.0
250,18,Permit APPROVED by SUPERVISOR,281,1.0
281,19,Permit FINAL_APPROVED by DIRECTOR,282,1.0
282,4,Start trip,253,1.0
255,26,Declaration APPROVED by SUPERVISOR,283,1.0
283,27,Declaration FINAL_APPROVED by DIRECTOR,284,1.0
284,9,Request Payment,257,1.0
255,4,Start trip,253,1.0
254,29,Declaration APPROVED by PRE_APPROVER,264,1.0
264,23,Declaration REJECTED by SUPERVISOR,285,1.0
285,15,Declaration REJECTED by EMPLOYEE,261,1.0
261,6,Declaration SUBMITTED by EMPLOYEE,255,1.0
264,26,Declaration APPROVED by SUPERVISOR,283,1.0
284,30,Declaration REJECTED by MISSING,265,1.0
265,6,Declaration SUBMITTED by EMPLOYEE,255,1.0
250,34,Permit REJECTED by PRE_APPROVER,286,1.0
286,21,Permit REJECTED by EMPLOYEE,280,1.0
251,20,Permit REJECTED by SUPERVISOR,279,1.0
249,4,Start trip,253,1.0
253,1,Permit SUBMITTED by EMPLOYEE,250,1.0
251,5,End trip,254,1.0
254,3,Permit FINAL_APPROVED by SUPERVISOR,252,1.0
255,23,Declaration REJECTED by SUPERVISOR,285,1.0
261,11,archive_application,259,1.0
250,2,Permit APPROVED by ADMINISTRATION,287,1.0
287,3,Permit FINAL_APPROVED by SUPERVISOR,252,1.0
255,7,Declaration APPROVED by ADMINISTRATION,288,1.0
288,13,Declaration APPROVED by BUDGET OWNER,289,1.0
289,8,Declaration FINAL_APPROVED by SUPERVISOR,256,1.0
194,30,Declaration REJECTED by MISSING,290,1.0
290,5,End trip,178,1.0
178,32,Permit REJECTED by MISSING,274,1.0
274,11,archive_application,182,1.0
290,32,Permit REJECTED by MISSING,274,1.0
251,18,Permit APPROVED by SUPERVISOR,281,1.0
254,1,Permit SUBMITTED by EMPLOYEE,250,1.0
288,8,Declaration FINAL_APPROVED by SUPERVISOR,256,1.0
255,14,Declaration REJECTED by ADMINISTRATION,291,1.0
291,15,Declaration REJECTED by EMPLOYEE,261,1.0
253,6,Declaration SUBMITTED by EMPLOYEE,255,1.0
255,5,End trip,254,1.0
254,32,Permit REJECTED by MISSING,292,1.0
292,1,Permit SUBMITTED by EMPLOYEE,250,1.0
246,30,Declaration REJECTED by MISSING,293,1.0
293,11,archive_application,44,1.0
287,18,Permit APPROVED by SUPERVISOR,281,1.0
251,4,Start trip,253,1.0
253,3,Permit FINAL_APPROVED by SUPERVISOR,252,1.0
252,5,End trip,254,1.0
36,4,Start trip,39,1.0
287,12,Permit APPROVED by BUDGET OWNER,294,1.0
294,3,Permit FINAL_APPROVED by SUPERVISOR,252,1.0
294,4,Start trip,253,1.0
256,5,End trip,254,1.0
254,9,Request Payment,257,1.0
253,28,Declaration REJECTED by PRE_APPROVER,260,1.0
260,5,End trip,254,1.0
254,15,Declaration REJECTED by EMPLOYEE,261,1.0
285,6,Declaration SUBMITTED by EMPLOYEE,255,1.0
294,18,Permit APPROVED by SUPERVISOR,281,1.0
254,16,Send Reminder,295,1.0
295,6,Declaration SUBMITTED by EMPLOYEE,255,1.0
295,16,Send Reminder,295,1.0
288,23,Declaration REJECTED by SUPERVISOR,285,1.0
285,5,End trip,254,1.0
258,4,Start trip,253,1.0
41,26,Declaration APPROVED by SUPERVISOR,296,1.0
296,27,Declaration FINAL_APPROVED by DIRECTOR,297,1.0
297,9,Request Payment,247,1.0
254,14,Declaration REJECTED by ADMINISTRATION,291,1.0
282,6,Declaration SUBMITTED by EMPLOYEE,255,1.0
192,32,Permit REJECTED by MISSING,274,1.0
274,10,Payment Handled,193,1.0
246,5,End trip,40,1.0
40,9,Request Payment,247,1.0
252,32,Permit REJECTED by MISSING,292,1.0
247,32,Permit REJECTED by MISSING,276,1.0
276,10,Payment Handled,248,1.0
288,26,Declaration APPROVED by SUPERVISOR,283,1.0
41,28,Declaration REJECTED by PRE_APPROVER,298,1.0
298,15,Declaration REJECTED by EMPLOYEE,43,1.0
289,5,End trip,254,1.0
254,8,Declaration FINAL_APPROVED by SUPERVISOR,256,1.0
282,32,Permit REJECTED by MISSING,292,1.0
292,4,Start trip,253,1.0
294,5,End trip,254,1.0
174,3,Permit FINAL_APPROVED by SUPERVISOR,176,1.0
179,8,Declaration FINAL_APPROVED by SUPERVISOR,194,1.0
264,27,Declaration FINAL_APPROVED by DIRECTOR,284,1.0
284,26,Declaration APPROVED by SUPERVISOR,283,1.0
283,9,Request Payment,257,1.0
298,32,Permit REJECTED by MISSING,276,1.0
276,15,Declaration REJECTED by EMPLOYEE,43,1.0
288,17,Declaration REJECTED by BUDGET OWNER,299,1.0
299,15,Declaration REJECTED by EMPLOYEE,261,1.0
289,26,Declaration APPROVED by SUPERVISOR,283,1.0
248,5,End trip,40,1.0
252,16,Send Reminder,295,1.0
281,4,Start trip,253,1.0
253,19,Permit FINAL_APPROVED by DIRECTOR,282,1.0
282,5,End trip,254,1.0
254,25,Declaration SAVED by EMPLOYEE,300,1.0
300,11,archive_application,259,1.0
279,4,Start trip,253,1.0
253,21,Permit REJECTED by EMPLOYEE,280,1.0
257,5,End trip,254,1.0
254,10,Payment Handled,258,1.0
253,32,Permit REJECTED by MISSING,292,1.0
288,5,End trip,254,1.0
250,4,Start trip,253,1.0
254,33,Permit APPROVED by PRE_APPROVER,251,1.0
253,18,Permit APPROVED by SUPERVISOR,281,1.0
179,28,Declaration REJECTED by PRE_APPROVER,301,1.0
301,15,Declaration REJECTED by EMPLOYEE,181,1.0
181,32,Permit REJECTED by MISSING,274,1.0
254,13,Declaration APPROVED by BUDGET OWNER,289,1.0
253,23,Declaration REJECTED by SUPERVISOR,285,1.0
264,5,End trip,254,1.0
264,4,Start trip,253,1.0
253,8,Declaration FINAL_APPROVED by SUPERVISOR,256,1.0
287,5,End trip,254,1.0
254,12,Permit APPROVED by BUDGET OWNER,294,1.0
265,4,Start trip,253,1.0
254,2,Permit APPROVED by ADMINISTRATION,287,1.0
282,16,Send Reminder,295,1.0
254,21,Permit REJECTED by EMPLOYEE,280,1.0
287,22,Permit REJECTED by BUDGET OWNER,302,1.0
302,21,Permit REJECTED by EMPLOYEE,280,1.0
287,4,Start trip,253,1.0
253,12,Permit APPROVED by BUDGET OWNER,294,1.0
254,7,Declaration APPROVED by ADMINISTRATION,288,1.0
250,24,Permit REJECTED by ADMINISTRATION,303,1.0
303,21,Permit REJECTED by EMPLOYEE,280,1.0
291,5,End trip,254,1.0
287,20,Permit REJECTED by SUPERVISOR,279,1.0
