state,last_action_name,Permit TaskNumber,Permit OrganizationalEntity,Resource,Role,DeclarationNumber,Permit travel permit number,travel permit number,Permit BudgetNumber,Permit ProjectNumber,Permit ID,Permit id,BudgetNumber,Amount,RequestedAmount,OriginalAmount,Permit RequestedBudget,AdjustedAmount,execution_time_minutes,initial
0,start,task 427,organizational unit 65455,STAFF MEMBER,EMPLOYEE,3455.8492647058824,3270.7757352941176,3347.78125,117.00735294117646,277.9117647058824,3338.9944852941176,3270.9944852941176,355.99816176470586,802.6681823725337,802.6681823725337,802.6681823725337,1497.7420329712982,802.6681823725337,133746.0588235294,True
1,Permit SUBMITTED by EMPLOYEE,task 427,organizational unit 65455,STAFF MEMBER,EMPLOYEE,3458.8524305555557,3274.925347222222,3351.9305555555557,117.34027777777777,273.46527777777777,3343.144097222222,3275.144097222222,350.6736111111111,809.5235864214027,809.5235864214027,809.5235864214027,1508.5380848129118,809.5235864214027,134811.26556712962,False
2,Permit APPROVED by ADMINISTRATION,task 427,organizational unit 65456,STAFF MEMBER,ADMINISTRATION,3397.5970515970516,3210.980343980344,3287.987714987715,111.91891891891892,226.7002457002457,3279.004914004914,3211.004914004914,444.34643734643737,807.7794931257665,807.7794931257665,807.7794931257665,1346.3862740220713,807.7794931257664,117843.07764127763,False
3,Permit FINAL_APPROVED by SUPERVISOR,task 427,organizational unit 65455,STAFF MEMBER,SUPERVISOR,3448.805194805195,3266.7597402597403,3343.7640692640693,112.43722943722943,269.0822510822511,3334.9523809523807,3266.9523809523807,367.17316017316017,695.1352451022508,695.1352451022508,695.1352451022508,1059.9171710322387,695.1352451022508,113495.19913419914,False
4,Start trip,task 427,organizational unit 65455,STAFF MEMBER,EMPLOYEE,3455.8492647058824,3270.7757352941176,3347.78125,117.00735294117646,277.9117647058824,3338.9944852941176,3270.9944852941176,355.99816176470586,802.6681823725337,802.6681823725337,802.6681823725337,1497.7420329712982,802.6681823725337,133746.0588235294,False
5,End trip,task 427,organizational unit 65455,STAFF MEMBER,EMPLOYEE,3455.8492647058824,3270.7757352941176,3347.78125,117.00735294117646,277.9117647058824,3338.9944852941176,3270.9944852941176,355.99816176470586,802.6681823725337,802.6681823725337,802.6681823725337,1497.7420329712982,802.6681823725337,133746.0588235294,False
6,Declaration SUBMITTED by EMPLOYEE,task 427,organizational unit 65458,STAFF MEMBER,EMPLOYEE,3452.8252427184466,3270.46185852982,3347.4660194174758,115.6005547850208,272.5423023578363,3338.6726768377252,3270.6726768377252,354.59223300970876,884.537128677295,884.537128677295,884.537128677295,1536.7673118858593,884.537128677295,134876.81088765603,False
7,Declaration APPROVED by ADMINISTRATION,task 427,organizational unit 65456,STAFF MEMBER,ADMINISTRATION,3370.586901763224,3216.015113350126,3293.015113350126,111.1662468513854,228.0302267002519,3284.0554156171283,3216.0554156171283,441.3299748110831,828.6867356807843,828.6867356807843,828.6867356807843,1358.9541756553647,828.6867356807841,120278.83291351802,False
8,Declaration FINAL_APPROVED by SUPERVISOR,task 427,organizational unit 65455,STAFF MEMBER,SUPERVISOR,3436.420542635659,3280.3527131782944,3357.3527131782944,116.4748062015504,287.62984496124034,3348.5833333333335,3280.5833333333335,349.1337209302326,702.5918856836603,702.5918856836603,702.5918856836603,1383.8036257311724,702.5918856836602,131925.38349483203,False
9,Request Payment,task 427,organizational unit 65455,SYSTEM,UNDEFINED,3432.4239543726235,3276.3574144486693,3353.3574144486693,117.13117870722434,278.4334600760456,3344.589353612167,3276.589353612167,353.43536121673003,827.2836871379017,827.2836871379017,827.2836871379017,1501.2094485566429,827.2836871379017,132097.89603929024,False
10,Payment Handled,task 427,organizational unit 65455,SYSTEM,UNDEFINED,3432.056818181818,3275.9867424242425,3352.9867424242425,117.06439393939394,278.10795454545456,3344.217803030303,3276.217803030303,353.7443181818182,826.991460626247,826.991460626247,826.991460626247,1498.9305517546286,826.9914606262469,133284.50047348486,False
11,archive_application,task 427,organizational unit 65455,SYSTEM,UNDEFINED,3455.8492647058824,3270.7757352941176,3347.78125,117.00735294117646,277.9117647058824,3338.9944852941176,3270.9944852941176,355.99816176470586,802.6681823725337,802.6681823725337,802.6681823725337,1497.7420329712982,802.6681823725337,133746.0588235294,False
12,start,task 427,organizational unit 65456,STAFF MEMBER,EMPLOYEE,281.68725099601596,244.31673306772907,284.304780876494,101.25298804780877,137.0996015936255,279.7450199203187,243.31274900398407,462.0159362549801,778.8395271019414,778.8395271019414,778.8395271019414,1199.2989804281062,778.8395271019414,111740.35408366534,True
13,Permit SUBMITTED by EMPLOYEE,task 427,organizational unit 65456,STAFF MEMBER,EMPLOYEE,284.5430711610487,246.8314606741573,287.3352059925094,100.11423220973782,133.89138576779027,282.64044943820227,245.82958801498128,459.0355805243446,789.3405859263426,789.3405859263426,789.3405859263426,1192.4286354752946,789.3405859263426,116193.97178526843,False
14,Permit APPROVED by ADMINISTRATION,task 427,organizational unit 65456,STAFF MEMBER,ADMINISTRATION,283.15953307392994,245.58365758754863,285.863813229572,100.61284046692607,136.94357976653697,281.23540856031127,244.57976653696497,460.3657587548638,775.9079568074606,775.9079568074606,775.9079568074606,1191.33386702257,775.9079568074606,112878.22717250325,False
15,Permit APPROVED by BUDGET OWNER,task 427,organizational unit 65456,STAFF MEMBER,BUDGET OWNER,269.38693467336685,233.9748743718593,269.75879396984925,91.45226130653266,116.19095477386935,267.34170854271355,232.9748743718593,450.5427135678392,747.7349269615656,747.7349269615656,747.7349269615656,1189.4221674832706,747.7349269615656,113498.40862646568,False
16,Permit FINAL_APPROVED by SUPERVISOR,task 427,organizational unit 65456,STAFF MEMBER,SUPERVISOR,279.0986842105263,242.47368421052633,281.4407894736842,98.96052631578948,137.5109649122807,277.1030701754386,241.46929824561403,464.0592105263158,701.8824917168378,701.8824917168378,701.8824917168378,983.5658750818959,701.8824917168378,105920.26959064328,False
17,Start trip,task 427,organizational unit 65456,STAFF MEMBER,EMPLOYEE,281.68725099601596,244.31673306772907,284.304780876494,101.25298804780877,137.0996015936255,279.7450199203187,243.31274900398407,462.0159362549801,778.8395271019414,778.8395271019414,778.8395271019414,1199.2989804281062,778.8395271019414,111740.35408366534,False
18,End trip,task 427,organizational unit 65456,STAFF MEMBER,EMPLOYEE,281.68725099601596,244.31673306772907,284.304780876494,101.25298804780877,137.0996015936255,279.7450199203187,243.31274900398407,462.0159362549801,778.8395271019414,778.8395271019414,778.8395271019414,1199.2989804281062,778.8395271019414,111740.35408366534,False
19,Declaration SUBMITTED by EMPLOYEE,task 427,organizational unit 65456,STAFF MEMBER,EMPLOYEE,282.32530120481925,244.92921686746988,284.32530120481925,100.31927710843374,133.55873493975903,280.38102409638554,243.93373493975903,458.8885542168675,821.9123783105625,821.9123783105625,821.9123783105625,1223.9672385684194,821.9123783105625,113948.87384538153,False
20,Declaration APPROVED by ADMINISTRATION,task 427,organizational unit 65456,STAFF MEMBER,ADMINISTRATION,279.6796116504854,242.6349514563107,282.2368932038835,100.26796116504855,136.25242718446603,277.69320388349513,241.63300970873786,460.6427184466019,781.9658412811469,781.9658412811469,781.9658412811469,1199.8268130471952,781.9658412811469,112289.611197411,False
21,Declaration APPROVED by BUDGET OWNER,task 427,organizational unit 65456,STAFF MEMBER,BUDGET OWNER,265.79,230.265,266.185,94.215,116.55,263.775,229.28,455.435,731.3327736901816,731.3327736901816,731.3327736901816,1194.3740861015085,731.3327736901816,112043.81141666668,False
22,Declaration FINAL_APPROVED by SUPERVISOR,task 427,organizational unit 65456,STAFF MEMBER,SUPERVISOR,281.5644171779141,244.07566462167688,284.17791411042947,100.58282208588957,135.45807770961144,279.6359918200409,243.06952965235175,461.46421267893663,733.1206030892258,733.1206030892258,733.1206030892258,1165.222587353068,733.1206030892258,111996.21363326517,False
23,Request Payment,task 427,organizational unit 65456,SYSTEM,UNDEFINED,281.9760479041916,244.53892215568862,284.6067864271457,101.3812375249501,137.24750499001996,280.03992015968066,243.53493013972056,461.8223552894212,780.3067063716692,780.3067063716692,780.3067063716692,1201.5940403968973,780.3067063716693,111793.26679973386,False
24,Payment Handled,task 427,organizational unit 65456,SYSTEM,UNDEFINED,281.68725099601596,244.31673306772907,284.304780876494,101.25298804780877,137.0996015936255,279.7450199203187,243.31274900398407,462.0159362549801,778.8395271019414,778.8395271019414,778.8395271019414,1199.2989804281062,778.8395271019414,111740.35408366534,False
25,archive_application,task 427,organizational unit 65456,SYSTEM,UNDEFINED,281.68725099601596,244.31673306772907,284.304780876494,101.25298804780877,137.0996015936255,279.7450199203187,243.31274900398407,462.0159362549801,778.8395271019414,778.8395271019414,778.8395271019414,1199.2989804281062,778.8395271019414,111740.35408366534,False
26,Declaration REJECTED by ADMINISTRATION,task 427,organizational unit 65456,STAFF MEMBER,ADMINISTRATION,291.4697986577181,252.85906040268458,291.5436241610738,100.49664429530202,124.24832214765101,289.6711409395973,251.88590604026845,452.8255033557047,959.9826237478039,959.9826237478039,959.9826237478039,1307.4056220813745,959.9826237478039,119683.90917225952,False
27,Declaration REJECTED by EMPLOYEE,task 427,organizational unit 65456,STAFF MEMBER,EMPLOYEE,284.125,246.61875,284.16875,97.05625,123.7,282.175,245.65,447.20625,961.9434160786325,961.9434160786325,961.9434160786325,1305.1791383826264,961.9434160786325,120895.60572916665,False
28,Send Reminder,task 427,organizational unit 65458,SYSTEM,UNDEFINED,349.4,299.5,356.475,98.325,116.7,348.9,298.575,442.75,679.690100016826,679.690100016826,679.690100016826,971.540334102457,679.690100016826,155906.05083333334,False
29,Declaration REJECTED by BUDGET OWNER,missing,organizational unit 65458,STAFF MEMBER,BUDGET OWNER,181.6,162.4,180.8,75.2,16.8,177.0,161.4,376.8,1047.0071711450958,1047.0071711450958,1047.0071711450958,1323.6432059676952,1047.0071711450958,108474.31666666668,False
30,Permit APPROVED by SUPERVISOR,task 427,organizational unit 65458,STAFF MEMBER,SUPERVISOR,307.3478260869565,262.5869565217391,312.69565217391306,123.97826086956522,133.02173913043478,305.9347826086956,261.5869565217391,441.7608695652174,1541.7179648325337,1541.7179648325337,1541.7179648325337,3337.8706334253247,1541.7179648325337,169435.10471014492,False
31,Permit FINAL_APPROVED by DIRECTOR,task 427,organizational unit 65458,STAFF MEMBER,DIRECTOR,307.3478260869565,262.5869565217391,312.69565217391306,123.97826086956522,133.02173913043478,305.9347826086956,261.5869565217391,441.7608695652174,1541.7179648325337,1541.7179648325337,1541.7179648325337,3337.8706334253247,1541.7179648325337,169435.10471014492,False
32,Permit REJECTED by SUPERVISOR,task 427,organizational unit 65466,STAFF MEMBER,SUPERVISOR,334.125,289.75,339.5,52.75,190.375,332.125,288.625,361.25,702.8519519619545,702.8519519619545,702.8519519619545,898.1775244281972,702.8519519619545,169528.5625,False
33,Permit REJECTED by EMPLOYEE,task 427,organizational unit 65466,STAFF MEMBER,EMPLOYEE,335.61290322580646,291.2903225806452,341.4516129032258,84.16129032258064,84.38709677419355,334.4516129032258,290.3225806451613,413.6774193548387,844.7115687167042,844.7115687167042,844.7115687167042,1026.9221269908264,844.7115687167044,187568.77096774193,False
34,Permit REJECTED by BUDGET OWNER,task 427,organizational unit 65480,STAFF MEMBER,BUDGET OWNER,366.0,316.25,374.25,116.0,10.5,366.5,315.5,451.5,554.1078945411442,554.1078945411442,554.1078945411442,778.0248198165084,554.1078945411442,142380.62916666668,False
35,start,task 427,organizational unit 65458,STAFF MEMBER,EMPLOYEE,4241.822975517891,19.32015065913371,20.998116760828626,132.07909604519773,239.54048964218455,20.63276836158192,18.327683615819208,193.68738229755178,513.7383051620092,513.7383051620092,513.7383051620092,1120.917156460516,513.9275599487158,100189.39940364091,True
36,Permit SUBMITTED by EMPLOYEE,task 427,organizational unit 65458,STAFF MEMBER,EMPLOYEE,4241.819887429643,21.474671669793622,23.4390243902439,131.98874296435272,239.0206378986867,23.03377110694184,20.48217636022514,194.45028142589118,511.81058169048197,511.81058169048197,511.81058169048197,1129.0232163618966,511.99912632789517,100313.89721701064,False
37,Permit APPROVED by ADMINISTRATION,task 427,organizational unit 65456,STAFF MEMBER,ADMINISTRATION,4241.012195121952,128.1219512195122,145.3780487804878,114.4390243902439,144.890243902439,142.8780487804878,127.1219512195122,458.3658536585366,16.217957342197916,16.217957342197916,16.217957342197916,1432.3258695563188,17.443497485383652,107429.72662601624,False
38,Permit FINAL_APPROVED by SUPERVISOR,task 427,organizational unit 65458,STAFF MEMBER,SUPERVISOR,4241.825995807128,14.067085953878406,15.056603773584905,132.75471698113208,243.7987421383648,14.784067085953879,13.073375262054507,195.41719077568135,460.20130056601477,460.20130056601477,460.20130056601477,908.6051939258228,460.4119804229146,97022.76306778476,False
39,Start trip,task 427,organizational unit 65458,STAFF MEMBER,EMPLOYEE,4241.822975517891,19.32015065913371,20.998116760828626,132.07909604519773,239.54048964218455,20.63276836158192,18.327683615819208,193.68738229755178,513.7383051620092,513.7383051620092,513.7383051620092,1120.917156460516,513.9275599487158,100189.39940364091,False
40,End trip,task 427,organizational unit 65458,STAFF MEMBER,EMPLOYEE,4241.822975517891,19.32015065913371,20.998116760828626,132.07909604519773,239.54048964218455,20.63276836158192,18.327683615819208,193.68738229755178,513.7383051620092,513.7383051620092,513.7383051620092,1120.917156460516,513.9275599487158,100189.39940364091,False
41,Declaration SUBMITTED by EMPLOYEE,task 427,organizational unit 65458,STAFF MEMBER,EMPLOYEE,4241.879275653923,18.75251509054326,20.446680080482896,131.9718309859155,244.42655935613683,20.082494969818914,17.756539235412475,179.82494969818913,548.8833803642392,548.8833803642392,548.8833803642392,1130.3832055058979,548.8833803642392,100984.27702883972,False
42,Declaration REJECTED by ADMINISTRATION,task 427,organizational unit 65456,STAFF MEMBER,ADMINISTRATION,4241.0,152.41304347826087,175.30434782608697,114.76086956521739,142.06521739130434,172.08695652173913,151.3913043478261,460.89130434782606,0.0,0.0,0.0,1490.6044701893074,0.0,114722.91485507248,False
43,Declaration REJECTED by EMPLOYEE,task 427,organizational unit 65456,STAFF MEMBER,EMPLOYEE,4241.0,158.57142857142858,181.46428571428572,110.0,151.92857142857142,178.23214285714286,157.58928571428572,440.73214285714283,0.0,0.0,0.0,1526.1263027634996,0.0,118918.60089285714,False
44,archive_application,task 427,organizational unit 65458,SYSTEM,UNDEFINED,4241.822975517891,19.32015065913371,20.998116760828626,132.07909604519773,239.54048964218455,20.63276836158192,18.327683615819208,193.68738229755178,513.7383051620092,513.7383051620092,513.7383051620092,1120.917156460516,513.9275599487158,100189.39940364091,False
45,Permit APPROVED by BUDGET OWNER,task 427,organizational unit 65456,STAFF MEMBER,BUDGET OWNER,4241.0,136.76666666666668,156.76666666666668,108.86666666666666,128.33333333333334,153.9,135.76666666666668,457.4,0.0,0.0,0.0,1432.2762034282723,0.0,109043.54444444443,False
46,Declaration REJECTED by SUPERVISOR,missing,organizational unit 65455,STAFF MEMBER,SUPERVISOR,215.0,187.25,215.875,54.125,157.75,211.875,186.375,426.875,812.4912248613346,812.4912248613346,812.4912248613346,1155.563064319697,812.4912248613346,149140.05416666667,False
47,Permit REJECTED by ADMINISTRATION,task 427,organizational unit 65466,STAFF MEMBER,ADMINISTRATION,329.8421052631579,286.6842105263158,335.36842105263156,90.6842105263158,55.31578947368421,328.6842105263158,285.7368421052632,427.7894736842105,965.6216545451381,965.6216545451381,965.6216545451381,1133.5298137907373,965.6216545451381,204677.94122807018,False
48,Declaration SAVED by EMPLOYEE,missing,organizational unit 65459,STAFF MEMBER,EMPLOYEE,4241.0,65.76315789473684,75.15789473684211,129.10526315789474,166.6315789473684,73.76315789473684,64.8157894736842,397.0263157894737,0.0,0.0,0.0,1112.1426734728586,2.644586624769216,94584.60614035088,False
49,Declaration APPROVED by SUPERVISOR,task 427,organizational unit 65458,STAFF MEMBER,SUPERVISOR,286.3076923076923,253.3846153846154,289.0769230769231,126.46153846153847,198.84615384615384,283.84615384615387,252.46153846153845,482.7692307692308,2498.574438041781,2498.574438041781,2498.574438041781,2481.0956122507073,2498.574438041781,102116.09871794871,False
50,Declaration FINAL_APPROVED by DIRECTOR,task 427,organizational unit 65458,STAFF MEMBER,DIRECTOR,286.3076923076923,253.3846153846154,289.0769230769231,126.46153846153847,198.84615384615384,283.84615384615387,252.46153846153845,482.7692307692308,2498.574438041781,2498.574438041781,2498.574438041781,2481.0956122507073,2498.574438041781,102116.09871794871,False
51,Declaration APPROVED by ADMINISTRATION,task 427,organizational unit 65458,STAFF MEMBER,ADMINISTRATION,4241.774193548387,61.0,67.6774193548387,139.41935483870967,396.4193548387097,66.61290322580645,60.03225806451613,267.2903225806452,496.32062476961295,496.32062476961295,496.32062476961295,1221.6822724342385,496.32062476961295,174460.49086021513,False
52,Declaration REJECTED by BUDGET OWNER,task 427,organizational unit 65455,STAFF MEMBER,BUDGET OWNER,4241.0,451.0,503.0,29.666666666666668,319.6666666666667,495.6666666666667,450.3333333333333,503.6666666666667,0.0,0.0,0.0,2264.2922833735647,0.0,82788.11111111111,False
53,Permit APPROVED by SUPERVISOR,task 427,organizational unit 65458,STAFF MEMBER,SUPERVISOR,4241.7962962962965,65.72222222222223,73.48148148148148,126.11111111111111,201.92592592592592,72.29629629629629,64.74074074074075,178.40740740740742,986.6485124266264,986.6485124266264,986.6485124266264,2996.3394921836407,986.6485124266264,128161.35370370372,False
54,Permit FINAL_APPROVED by DIRECTOR,task 427,organizational unit 65458,STAFF MEMBER,DIRECTOR,4241.7962962962965,65.72222222222223,73.48148148148148,126.11111111111111,201.92592592592592,72.29629629629629,64.74074074074075,178.40740740740742,986.6485124266264,986.6485124266264,986.6485124266264,2996.3394921836407,986.6485124266264,128161.35370370372,False
55,Declaration APPROVED by BUDGET OWNER,missing,organizational unit 65458,STAFF MEMBER,BUDGET OWNER,4241.0,204.0,204.0,192.0,0.0,203.0,203.0,314.0,0.0,0.0,0.0,2979.823998192764,0.0,524160.0,False
56,Declaration REJECTED by SUPERVISOR,missing,organizational unit 65457,STAFF MEMBER,SUPERVISOR,4241.2,103.0,117.8,110.8,136.4,115.6,102.0,457.6,265.9745004120458,265.9745004120458,265.9745004120458,1525.5302021697328,265.9745004120458,177342.82,False
57,start,task 427,organizational unit 65454,STAFF MEMBER,EMPLOYEE,4241.873376623376,1691.2045454545455,119.02922077922078,118.81818181818181,421.23376623376623,117.3603896103896,1687.4318181818182,268.8961038961039,767.2004584936943,767.2004584936943,767.2004584936943,956.5612440877104,767.2004584936943,284269.91807359306,True
58,Declaration SUBMITTED by EMPLOYEE,task 427,organizational unit 65454,STAFF MEMBER,EMPLOYEE,4241.877022653722,1679.9741100323624,128.9967637540453,118.9126213592233,416.0744336569579,127.23624595469256,1676.2394822006472,267.9514563106796,769.6923340467571,769.6923340467571,769.6923340467571,954.2878096235008,769.6923340467571,284476.20080906147,False
59,Declaration FINAL_APPROVED by SUPERVISOR,task 427,organizational unit 65454,STAFF MEMBER,SUPERVISOR,4241.995967741936,1734.6370967741937,24.133064516129032,119.60887096774194,442.7782258064516,23.504032258064516,1730.649193548387,253.99193548387098,731.564709565742,731.564709565742,731.564709565742,922.4919350134858,731.564709565742,308814.4280913978,False
60,Request Payment,task 427,organizational unit 65454,SYSTEM,UNDEFINED,4242.0,1736.0,17.72761194029851,120.0,443.0,17.16417910447761,1732.0,249.56716417910448,880.6837439415025,880.6837439415025,880.6837439415025,923.0813153823275,880.6837439415025,305639.8638681591,False
61,Payment Handled,task 427,organizational unit 65454,SYSTEM,UNDEFINED,4242.0,1734.7434944237918,23.156133828996282,119.63940520446097,442.79553903345726,22.54646840148699,1730.7546468401488,250.13011152416357,878.4302647437095,878.4302647437095,878.4302647437095,922.537946120347,878.4302647437095,305843.5354399008,False
62,Start trip,task 427,organizational unit 65454,STAFF MEMBER,EMPLOYEE,4241.873376623376,1691.2045454545455,119.02922077922078,118.81818181818181,421.23376623376623,117.3603896103896,1687.4318181818182,268.8961038961039,767.2004584936943,767.2004584936943,767.2004584936943,956.5612440877104,767.2004584936943,284269.91807359306,False
63,End trip,task 427,organizational unit 65454,STAFF MEMBER,EMPLOYEE,4241.873376623376,1691.2045454545455,119.02922077922078,118.81818181818181,421.23376623376623,117.3603896103896,1687.4318181818182,268.8961038961039,767.2004584936943,767.2004584936943,767.2004584936943,956.5612440877104,767.2004584936943,284269.91807359306,False
64,archive_application,task 427,organizational unit 65454,STAFF MEMBER,EMPLOYEE,4241.873376623376,1691.2045454545455,119.02922077922078,118.81818181818181,421.23376623376623,117.3603896103896,1687.4318181818182,268.8961038961039,767.2004584936943,767.2004584936943,767.2004584936943,956.5612440877104,767.2004584936943,284269.91807359306,False
65,start,task 427,organizational unit 65454,STAFF MEMBER,EMPLOYEE,753.7917414721724,839.7827648114901,762.5421903052064,111.0592459605027,206.63016157989227,751.5134649910233,838.4829443447038,420.7163375224417,808.1310503294085,808.1310503294085,808.1310503294085,1196.0412613618328,808.1310503294085,123674.73686415321,True
66,Declaration SUBMITTED by EMPLOYEE,task 427,organizational unit 65454,STAFF MEMBER,EMPLOYEE,723.2709677419355,893.0296774193548,731.8141935483872,110.80645161290323,216.28774193548387,721.0064516129032,891.5677419354839,409.59096774193546,859.8844229677874,859.8844229677874,859.8844229677874,1221.8276229492117,859.8844229677874,132698.31335483873,False
67,Declaration REJECTED by PRE_APPROVER,task 427,organizational unit 65454,STAFF MEMBER,PRE_APPROVER,232.83333333333334,1736.0,227.16666666666666,120.0,443.0,222.5,1732.0,169.66666666666666,1031.8749932083028,1031.8749932083028,1031.8749932083028,923.0813153823277,1031.8749932083028,587217.9583333334,False
68,Declaration REJECTED by EMPLOYEE,task 427,organizational unit 65454,STAFF MEMBER,EMPLOYEE,649.3411214953271,1019.5233644859813,657.588785046729,110.26635514018692,239.2570093457944,647.2429906542056,1017.6728971962617,386.19158878504675,1001.7837605924736,1001.7837605924736,1001.7837605924736,1295.3997230206787,1001.7837605924736,149240.70179127727,False
69,Declaration APPROVED by PRE_APPROVER,task 427,organizational unit 65454,STAFF MEMBER,PRE_APPROVER,231.4,1736.0,225.06666666666666,120.0,443.0,221.13333333333333,1732.0,88.0,634.4123393919843,634.4123393919843,634.4123393919843,923.0813153823276,634.4123393919843,589354.8211111111,False
70,Declaration FINAL_APPROVED by SUPERVISOR,task 427,organizational unit 65454,STAFF MEMBER,SUPERVISOR,753.3143382352941,843.2150735294117,761.9522058823529,109.95220588235294,207.9172794117647,750.9632352941177,841.9080882352941,420.00367647058823,751.2995361013352,751.2995361013352,751.2995361013352,1167.873318705402,751.2995361013352,126547.73272058822,False
71,Request Payment,task 427,organizational unit 65454,SYSTEM,UNDEFINED,753.7917414721724,839.7827648114901,762.5421903052064,111.0592459605027,206.63016157989227,751.5134649910233,838.4829443447038,420.7163375224417,808.1310503294085,808.1310503294085,808.1310503294085,1196.0412613618328,808.1310503294085,123674.73686415321,False
72,Payment Handled,task 427,organizational unit 65454,SYSTEM,UNDEFINED,753.7917414721724,839.7827648114901,762.5421903052064,111.0592459605027,206.63016157989227,751.5134649910233,838.4829443447038,420.7163375224417,808.1310503294085,808.1310503294085,808.1310503294085,1196.0412613618328,808.1310503294085,123674.73686415321,False
73,Start trip,task 427,organizational unit 65454,STAFF MEMBER,EMPLOYEE,753.7917414721724,839.7827648114901,762.5421903052064,111.0592459605027,206.63016157989227,751.5134649910233,838.4829443447038,420.7163375224417,808.1310503294085,808.1310503294085,808.1310503294085,1196.0412613618328,808.1310503294085,123674.73686415321,False
74,End trip,task 427,organizational unit 65454,STAFF MEMBER,EMPLOYEE,753.7917414721724,839.7827648114901,762.5421903052064,111.0592459605027,206.63016157989227,751.5134649910233,838.4829443447038,420.7163375224417,808.1310503294085,808.1310503294085,808.1310503294085,1196.0412613618328,808.1310503294085,123674.73686415321,False
75,archive_application,task 427,organizational unit 65454,SYSTEM,UNDEFINED,753.7917414721724,839.7827648114901,762.5421903052064,111.0592459605027,206.63016157989227,751.5134649910233,838.4829443447038,420.7163375224417,808.1310503294085,808.1310503294085,808.1310503294085,1196.0412613618328,808.1310503294085,123674.73686415321,False
76,Declaration REJECTED by SUPERVISOR,task 427,organizational unit 65454,STAFF MEMBER,SUPERVISOR,553.5,1181.111111111111,557.3333333333334,125.05555555555556,277.94444444444446,549.0,1178.7777777777778,286.44444444444446,972.2348613296695,972.2348613296695,972.2348613296695,1193.0082821083251,972.2348613296695,254556.0537037037,False
77,Declaration REJECTED by MISSING,task 427,organizational unit 65454,STAFF MEMBER,missing,230.0,1736.0,221.33333333333334,120.0,443.0,219.0,1732.0,10.666666666666666,425.84450911814474,425.84450911814474,425.84450911814474,923.0813153823278,425.84450911814474,649163.0777777777,False
78,Declaration APPROVED by PRE_APPROVER,task 427,organizational unit 65454,STAFF MEMBER,PRE_APPROVER,4242.0,1736.0,18.88,120.0,443.0,18.32,1732.0,214.32,898.1114585878848,898.1114585878848,898.1114585878848,923.0813153823278,898.1114585878848,486961.622,False
79,Declaration APPROVED by SUPERVISOR,task 427,organizational unit 65454,STAFF MEMBER,SUPERVISOR,4242.0,1736.0,10.608695652173912,120.0,443.0,10.26086956521739,1732.0,192.34782608695653,2450.879418170413,2450.879418170413,2450.879418170413,923.0813153823281,2450.879418170413,288203.9992753623,False
80,Declaration FINAL_APPROVED by DIRECTOR,task 427,organizational unit 65454,STAFF MEMBER,DIRECTOR,4242.0,1736.0,10.608695652173912,120.0,443.0,10.26086956521739,1732.0,192.34782608695653,2450.879418170413,2450.879418170413,2450.879418170413,923.0813153823281,2450.879418170413,288203.9992753623,False
81,Declaration SAVED by EMPLOYEE,task 427,organizational unit 65454,STAFF MEMBER,EMPLOYEE,4241.0,1686.5,344.0,105.0,436.5,339.0,1683.0,406.5,0.0,0.0,0.0,1407.8120831759677,0.0,216908.04444444447,False
82,Declaration REJECTED by SUPERVISOR,task 427,organizational unit 65454,STAFF MEMBER,SUPERVISOR,4241.25,1461.75,633.25,110.25,443.0,627.25,1459.25,327.0,9.1641575561043,9.1641575561043,9.1641575561043,1408.7243746790748,9.1641575561043,201023.58749999997,False
83,Declaration REJECTED by EMPLOYEE,task 427,organizational unit 65454,STAFF MEMBER,EMPLOYEE,4241.027027027027,1300.945945945946,883.5945945945946,111.86486486486487,231.59459459459458,873.6486486486486,1299.0,406.7027027027027,0.9907197357950595,0.9907197357950595,0.9907197357950595,1169.7065059689885,0.9907197357950595,124582.03333333331,False
84,Declaration REJECTED by MISSING,task 427,organizational unit 65454,STAFF MEMBER,missing,4241.5,1736.0,0.0,120.0,443.0,0.0,1732.0,64.5,750.2666870828342,750.2666870828342,750.2666870828342,923.0813153823278,750.2666870828342,471379.55833333335,False
85,Declaration REJECTED by ADMINISTRATION,task 427,organizational unit 65454,STAFF MEMBER,ADMINISTRATION,4241.0,1269.0294117647059,914.6470588235294,114.11764705882354,199.91176470588235,904.1764705882352,1267.1764705882354,413.97058823529414,0.0,0.0,0.0,1153.8578099355132,0.0,114246.5161764706,False
86,Declaration APPROVED by ADMINISTRATION,task 427,organizational unit 65454,STAFF MEMBER,ADMINISTRATION,4241.979865771812,1726.3691275167785,52.42953020134228,119.08724832214764,442.6308724832215,51.369127516778526,1722.4295302013422,262.5973154362416,909.7920397125733,909.7920397125733,909.7920397125733,935.1377308569198,909.7920397125733,102345.12147651007,False
87,Declaration APPROVED by BUDGET OWNER,task 427,organizational unit 65454,STAFF MEMBER,BUDGET OWNER,4241.985074626866,1736.0,19.567164179104477,120.0,443.0,18.955223880597014,1732.0,264.25373134328356,642.3898084920696,642.3898084920696,642.3898084920696,923.0813153823275,642.3898084920696,109516.04079601991,False
88,Declaration REJECTED by ADMINISTRATION,task 427,organizational unit 65454,STAFF MEMBER,ADMINISTRATION,668.6132596685082,989.1160220994475,677.6906077348066,109.353591160221,232.52486187845304,666.9944751381215,987.3591160220994,401.1160220994475,984.1990940196978,984.1990940196978,984.1990940196978,1303.7054487957842,984.1990940196978,124167.88167587479,False
89,Declaration APPROVED by ADMINISTRATION,task 427,organizational unit 65454,STAFF MEMBER,ADMINISTRATION,763.2253521126761,823.8239436619718,772.3010563380282,110.84859154929578,200.73591549295776,761.125,822.5721830985915,426.8257042253521,828.699418636541,828.699418636541,828.699418636541,1209.4112805522213,828.699418636541,113916.64269366197,False
90,Declaration APPROVED by BUDGET OWNER,task 427,organizational unit 65456,STAFF MEMBER,BUDGET OWNER,749.4905660377359,817.4764150943396,758.7311320754717,106.30660377358491,206.00471698113208,747.5801886792453,816.2075471698113,420.75,848.6874602475507,848.6874602475507,848.6874602475507,1244.9560381105682,848.6874602475505,114678.48018867927,False
91,Declaration APPROVED by SUPERVISOR,task 427,organizational unit 65458,STAFF MEMBER,SUPERVISOR,688.5294117647059,890.7647058823529,697.7647058823529,151.52941176470588,212.64705882352942,686.9411764705883,889.2352941176471,367.8235294117647,2534.7249089623956,2534.7249089623956,2534.7249089623956,2157.788519704955,2534.7249089623956,134057.35784313723,False
92,Declaration FINAL_APPROVED by DIRECTOR,task 427,organizational unit 65458,STAFF MEMBER,DIRECTOR,671.8125,891.125,681.125,150.375,207.1875,670.375,889.5625,368.0625,2668.72380760679,2668.72380760679,2668.72380760679,2102.571321809328,2668.72380760679,124521.94166666665,False
93,Declaration REJECTED by BUDGET OWNER,missing,organizational unit 65460,STAFF MEMBER,BUDGET OWNER,738.6666666666666,837.7777777777778,748.3333333333334,80.11111111111111,128.11111111111111,737.2222222222222,836.4444444444445,435.77777777777777,1420.1825808665656,1420.1825808665656,1420.1825808665656,1325.288263626165,1420.1825808665656,126727.54074074075,False
94,Send Reminder,task 427,organizational unit 65458,SYSTEM,UNDEFINED,4241.0,111.3076923076923,128.46153846153845,116.84615384615384,281.0769230769231,126.0,110.3076923076923,423.7692307692308,0.0,0.0,0.0,837.5080641963378,0.0,128018.55769230769,False
95,Permit SUBMITTED by EMPLOYEE,task 427,organizational unit 65456,STAFF MEMBER,EMPLOYEE,808.3636363636364,739.1760154738878,817.588007736944,109.8027079303675,178.1779497098646,806.1798839458414,738.1798839458414,440.25531914893617,788.2020966790716,788.2020966790716,788.2020966790716,1235.2508708657351,788.2020966790716,116163.96486137975,False
96,Permit APPROVED by ADMINISTRATION,task 427,organizational unit 65456,STAFF MEMBER,ADMINISTRATION,807.6887159533073,738.5097276264592,816.9202334630351,109.31906614785993,178.9727626459144,805.511673151751,737.511673151751,440.47665369649803,779.7979588993277,779.7979588993277,779.7979588993277,1227.9979717747653,779.7979588993278,116238.22373540857,False
97,Permit APPROVED by BUDGET OWNER,task 427,organizational unit 65456,STAFF MEMBER,BUDGET OWNER,781.99,713.09,791.43,102.05,177.23,780.095,712.095,431.625,786.2861594498567,786.2861594498567,786.2861594498567,1241.8549079528727,786.2861594498567,123093.01100000001,False
98,Permit FINAL_APPROVED by SUPERVISOR,task 427,organizational unit 65456,STAFF MEMBER,SUPERVISOR,810.9333333333333,741.7777777777778,820.1977777777778,107.29333333333334,182.46666666666667,808.7844444444445,740.7844444444445,443.28444444444443,699.6895325833692,699.6895325833692,699.6895325833692,1038.1718723800846,699.6895325833691,109829.65244444444,False
99,Permit APPROVED by SUPERVISOR,task 427,organizational unit 65458,STAFF MEMBER,SUPERVISOR,790.0196078431372,720.4509803921569,798.7843137254902,134.47058823529412,160.2941176470588,787.4117647058823,719.4117647058823,421.4313725490196,1544.6652182739635,1544.6652182739635,1544.6652182739635,2888.727183256715,1544.6652182739635,146597.45,False
100,Permit FINAL_APPROVED by DIRECTOR,task 427,organizational unit 65458,STAFF MEMBER,DIRECTOR,790.0196078431372,720.4509803921569,798.7843137254902,134.47058823529412,160.2941176470588,787.4117647058823,719.4117647058823,421.4313725490196,1544.6652182739635,1544.6652182739635,1544.6652182739635,2888.727183256715,1544.6652182739635,146597.45,False
101,Send Reminder,task 427,organizational unit 65458,SYSTEM,UNDEFINED,796.6190476190476,727.6666666666666,806.047619047619,100.16666666666667,147.88095238095238,794.6666666666666,726.6666666666666,400.7142857142857,614.488508317605,614.488508317605,614.488508317605,957.9230179272473,614.488508317605,195453.17103174602,False
102,Permit REJECTED by ADMINISTRATION,task 427,organizational unit 65459,STAFF MEMBER,ADMINISTRATION,4241.0,494.0,572.0,194.0,202.0,561.0,493.0,411.0,0.0,0.0,0.0,1063.9779864710783,0.0,102923.71666666666,False
103,Permit REJECTED by EMPLOYEE,missing,organizational unit 65456,STAFF MEMBER,EMPLOYEE,4241.0,593.5,671.5,108.0,101.0,660.5,592.5,397.0,0.0,0.0,0.0,3281.182120178425,0.0,133368.06666666665,False
104,Permit REJECTED by SUPERVISOR,missing,organizational unit 65466,STAFF MEMBER,SUPERVISOR,751.25,683.0833333333334,761.4166666666666,73.33333333333333,80.16666666666667,750.0833333333334,682.0833333333334,406.4166666666667,578.5351156395371,578.5351156395371,578.5351156395371,1344.6027052426648,578.5351156395371,231353.86388888894,False
105,Permit REJECTED by EMPLOYEE,missing,organizational unit 65466,STAFF MEMBER,EMPLOYEE,794.5625,725.6875,804.125,101.75,114.5625,792.75,724.75,415.0625,866.3917617869804,866.3917617869804,866.3917617869804,1507.6419575284156,866.3917617869804,197309.76770833333,False
106,Permit REJECTED by ADMINISTRATION,missing,organizational unit 65454,STAFF MEMBER,ADMINISTRATION,924.0,853.3333333333334,932.0,192.66666666666666,42.0,920.6666666666666,852.6666666666666,402.3333333333333,2228.1110362751733,2228.1110362751733,2228.1110362751733,2477.914248451901,2228.1110362751733,103440.94444444444,False
107,Permit REJECTED by SUPERVISOR,missing,organizational unit 65456,STAFF MEMBER,SUPERVISOR,4241.0,693.0,771.0,22.0,0.0,760.0,692.0,383.0,0.0,0.0,0.0,5498.386253885772,0.0,163812.41666666666,False
108,Permit SUBMITTED by EMPLOYEE,task 427,organizational unit 65456,STAFF MEMBER,EMPLOYEE,4241.04,1163.16,1242.36,107.24,157.12,1230.08,1162.08,453.44,10.97991358940736,10.97991358940736,10.97991358940736,1320.274786048941,10.97991358940736,119741.29533333333,False
109,Permit APPROVED by ADMINISTRATION,task 427,organizational unit 65456,STAFF MEMBER,ADMINISTRATION,4241.041666666667,1161.125,1240.3333333333333,104.83333333333333,163.66666666666666,1228.0416666666667,1160.0416666666667,454.75,11.437409988966001,11.437409988966001,11.437409988966001,1352.7404004347416,11.437409988966001,119349.46458333335,False
110,Permit FINAL_APPROVED by SUPERVISOR,task 427,organizational unit 65456,STAFF MEMBER,SUPERVISOR,4241.045454545455,1183.6363636363637,1262.8636363636363,97.68181818181819,163.86363636363637,1250.5454545454545,1182.5454545454545,454.59090909090907,12.477174533417456,12.477174533417456,12.477174533417456,1232.575410292583,12.477174533417456,117802.11893939394,False
111,Permit APPROVED by BUDGET OWNER,task 427,organizational unit 65456,STAFF MEMBER,BUDGET OWNER,4241.0,1109.6363636363637,1188.8181818181818,126.63636363636364,175.72727272727272,1176.5454545454545,1108.5454545454545,433.0,0.0,0.0,0.0,1590.7490407200232,0.0,104010.61515151514,False
112,Permit REJECTED by BUDGET OWNER,task 427,organizational unit 65458,STAFF MEMBER,BUDGET OWNER,926.0,854.0,933.0,170.0,745.0,921.0,853.0,557.0,235.51369209172196,235.51369209172196,235.51369209172196,553.2961121869723,235.51369209172196,70387.08333333333,False
113,Permit APPROVED by SUPERVISOR,missing,organizational unit 65456,STAFF MEMBER,SUPERVISOR,4241.0,913.5,992.5,183.5,161.5,980.5,912.5,456.5,0.0,0.0,0.0,2674.5552919984843,0.0,136370.26666666666,False
114,Permit FINAL_APPROVED by DIRECTOR,missing,organizational unit 65456,STAFF MEMBER,DIRECTOR,4241.0,913.5,992.5,183.5,161.5,980.5,912.5,456.5,0.0,0.0,0.0,2674.5552919984843,0.0,136370.26666666666,False
115,Declaration REJECTED by DIRECTOR,task 427,organizational unit 65458,STAFF MEMBER,DIRECTOR,956.0,885.0,964.0,170.0,300.0,952.0,884.0,364.0,390.74253065207967,390.74253065207967,390.74253065207967,3041.2636860349835,390.74253065207967,286624.01666666666,False
116,Send Reminder,missing,organizational unit 65454,SYSTEM,UNDEFINED,4241.0,1074.5,1153.5,82.5,191.25,1141.5,1073.5,408.0,0.0,0.0,0.0,756.0088613170274,0.0,102054.50416666667,False
117,start,task 427,organizational unit 65456,STAFF MEMBER,EMPLOYEE,1323.9981096408317,1245.2362948960304,1322.3724007561436,107.86767485822307,179.6257088846881,1312.241965973535,1244.241965973535,451.8109640831758,827.7833978368395,827.7833978368395,827.7833978368395,1257.687896831586,827.7833978368395,112336.33122243227,True
118,Permit SUBMITTED by EMPLOYEE,task 427,organizational unit 65456,STAFF MEMBER,EMPLOYEE,1323.5869565217392,1244.8007246376812,1322.0307971014493,106.84963768115942,175.68115942028984,1311.8061594202898,1243.8061594202898,451.7880434782609,837.8810270597949,837.8810270597949,837.8810270597949,1264.4246224998662,837.8810270597949,113117.89438405797,False
119,Permit APPROVED by ADMINISTRATION,task 427,organizational unit 65456,STAFF MEMBER,ADMINISTRATION,1323.7597042513862,1244.981515711645,1322.1682070240295,106.76524953789279,177.23105360443623,1311.9870609981515,1243.9870609981515,451.65249537892794,836.5259603999267,836.5259603999267,836.5259603999267,1271.1441630378786,836.5259603999266,113224.73795440543,False
120,Permit APPROVED by BUDGET OWNER,task 427,organizational unit 65456,STAFF MEMBER,BUDGET OWNER,1329.4842105263158,1250.6,1323.7526315789473,104.27368421052631,168.66842105263157,1317.6052631578948,1249.6052631578948,438.77894736842103,819.3020142500552,819.3020142500552,819.3020142500552,1378.2554004421904,819.3020142500552,136574.65526315788,False
121,Permit FINAL_APPROVED by SUPERVISOR,task 427,organizational unit 65456,STAFF MEMBER,SUPERVISOR,1327.055900621118,1248.209109730849,1325.136645962733,106.04347826086956,179.55900621118013,1315.2194616977226,1247.2194616977226,452.5983436853002,724.6684108024767,724.6684108024767,724.6684108024767,1053.080391871926,724.6684108024767,108833.94202898549,False
122,Start trip,task 427,organizational unit 65456,STAFF MEMBER,EMPLOYEE,1323.9981096408317,1245.2362948960304,1322.3724007561436,107.86767485822307,179.6257088846881,1312.241965973535,1244.241965973535,451.8109640831758,827.7833978368395,827.7833978368395,827.7833978368395,1257.687896831586,827.7833978368395,112336.33122243227,False
123,End trip,task 427,organizational unit 65456,STAFF MEMBER,EMPLOYEE,1323.9981096408317,1245.2362948960304,1322.3724007561436,107.86767485822307,179.6257088846881,1312.241965973535,1244.241965973535,451.8109640831758,827.7833978368395,827.7833978368395,827.7833978368395,1257.687896831586,827.7833978368395,112336.33122243227,False
124,Declaration SUBMITTED by EMPLOYEE,task 427,organizational unit 65456,STAFF MEMBER,EMPLOYEE,1320.2446958981614,1241.6336633663366,1317.6647807637908,106.26449787835926,175.87835926449787,1308.6478076379067,1240.6478076379067,452.1173974540311,895.9313181297834,895.9313181297834,895.9313181297834,1301.1568067683236,895.9313181297834,113618.15815652993,False
125,Declaration APPROVED by ADMINISTRATION,task 427,organizational unit 65456,STAFF MEMBER,ADMINISTRATION,1323.7579143389198,1245.0093109869647,1322.1750465549349,108.10614525139665,178.32588454376165,1312.0186219739292,1244.0186219739292,451.13035381750467,826.4368649077658,826.4368649077658,826.4368649077658,1252.961121320826,826.4368649077658,112505.75313469896,False
126,Declaration APPROVED by BUDGET OWNER,task 427,organizational unit 65456,STAFF MEMBER,BUDGET OWNER,1334.8702702702703,1255.8108108108108,1328.8,102.94054054054054,169.94594594594594,1322.8162162162162,1254.8162162162162,445.8378378378378,814.564817708368,814.564817708368,814.564817708368,1332.058335491016,814.564817708368,127071.4874774775,False
127,Declaration FINAL_APPROVED by SUPERVISOR,task 427,organizational unit 65456,STAFF MEMBER,SUPERVISOR,1324.404296875,1245.642578125,1322.701171875,106.59765625,176.328125,1312.646484375,1244.646484375,451.640625,753.8143154609041,753.8143154609041,753.8143154609041,1174.961358638796,753.8143154609041,111943.8194986979,False
128,Request Payment,task 427,organizational unit 65456,SYSTEM,UNDEFINED,1323.9981096408317,1245.2362948960304,1322.3724007561436,107.86767485822307,179.6257088846881,1312.241965973535,1244.241965973535,451.8109640831758,827.7833978368395,827.7833978368395,827.7833978368395,1257.687896831586,827.7833978368395,112336.33122243227,False
129,Payment Handled,task 427,organizational unit 65456,SYSTEM,UNDEFINED,1323.9981096408317,1245.2362948960304,1322.3724007561436,107.86767485822307,179.6257088846881,1312.241965973535,1244.241965973535,451.8109640831758,827.7833978368395,827.7833978368395,827.7833978368395,1257.687896831586,827.7833978368395,112336.33122243227,False
130,archive_application,task 427,organizational unit 65456,SYSTEM,UNDEFINED,1323.9981096408317,1245.2362948960304,1322.3724007561436,107.86767485822307,179.6257088846881,1312.241965973535,1244.241965973535,451.8109640831758,827.7833978368395,827.7833978368395,827.7833978368395,1257.687896831586,827.7833978368395,112336.33122243227,False
131,Declaration REJECTED by ADMINISTRATION,task 427,organizational unit 65456,STAFF MEMBER,ADMINISTRATION,1309.1470588235295,1230.9705882352941,1303.4176470588236,100.44705882352942,168.14705882352942,1298.0,1230.0,455.2352941176471,1115.4520321310988,1115.4520321310988,1115.4520321310988,1453.3984719760076,1115.4520321310986,117132.04931372548,False
132,Declaration REJECTED by EMPLOYEE,task 427,organizational unit 65456,STAFF MEMBER,EMPLOYEE,1306.9375,1228.8352272727273,1301.5,101.36363636363636,165.05113636363637,1295.875,1227.875,453.6136363636364,1104.0326333617004,1104.0326333617004,1104.0326333617004,1435.400922264904,1104.0326333617004,117212.41960227274,False
133,Permit APPROVED by SUPERVISOR,task 427,organizational unit 65456,STAFF MEMBER,SUPERVISOR,1291.891304347826,1214.0217391304348,1293.3478260869565,127.02173913043478,180.32608695652175,1280.9782608695652,1212.9782608695652,443.54347826086956,1910.4907616976504,1910.4907616976504,1910.4907616976504,3406.0666989080173,1910.4907616976504,149111.4177536232,False
134,Permit FINAL_APPROVED by DIRECTOR,task 427,organizational unit 65456,STAFF MEMBER,DIRECTOR,1291.891304347826,1214.0217391304348,1293.3478260869565,127.02173913043478,180.32608695652175,1280.9782608695652,1212.9782608695652,443.54347826086956,1910.4907616976504,1910.4907616976504,1910.4907616976504,3406.0666989080173,1910.4907616976504,149111.4177536232,False
135,Declaration APPROVED by SUPERVISOR,task 427,organizational unit 65458,STAFF MEMBER,SUPERVISOR,1311.764705882353,1233.0,1312.4705882352941,146.11764705882354,278.94117647058823,1300.0588235294117,1232.0588235294117,456.94117647058823,3055.558114100309,3055.558114100309,3055.558114100309,3749.2165765203176,3055.558114100309,124157.86078431373,False
136,Declaration FINAL_APPROVED by DIRECTOR,task 427,organizational unit 65458,STAFF MEMBER,DIRECTOR,1311.764705882353,1233.0,1312.4705882352941,146.11764705882354,278.94117647058823,1300.0588235294117,1232.0588235294117,456.94117647058823,3055.558114100309,3055.558114100309,3055.558114100309,3749.2165765203176,3055.558114100309,124157.86078431373,False
137,Permit REJECTED by BUDGET OWNER,missing,organizational unit 65466,STAFF MEMBER,BUDGET OWNER,1300.0,1220.8333333333333,1300.1666666666667,36.666666666666664,0.0,1287.6666666666667,1219.6666666666667,446.6666666666667,867.2266281677618,867.2266281677618,867.2266281677618,1902.146065687714,867.2266281677618,132303.8111111111,False
138,Permit REJECTED by EMPLOYEE,missing,organizational unit 65466,STAFF MEMBER,EMPLOYEE,1314.1304347826087,1234.7826086956522,1314.1739130434783,83.43478260869566,84.95652173913044,1301.7826086956522,1233.7826086956522,451.2608695652174,1070.1264991877674,1070.1264991877674,1070.1264991877674,1419.3693128703146,1070.1264991877674,131093.84710144927,False
139,Send Reminder,missing,organizational unit 65458,SYSTEM,UNDEFINED,1304.6666666666667,1226.3095238095239,1305.6666666666667,96.66666666666667,116.71428571428571,1293.3333333333333,1225.3333333333333,414.95238095238096,934.6039223887847,934.6039223887847,934.6039223887847,1233.442356561017,934.6039223887847,160385.15,False
140,Permit REJECTED by ADMINISTRATION,missing,organizational unit 65454,STAFF MEMBER,ADMINISTRATION,1315.090909090909,1235.909090909091,1315.2727272727273,111.0,99.45454545454545,1302.909090909091,1234.909090909091,458.45454545454544,904.525669149683,904.525669149683,904.525669149683,933.9454014939921,904.525669149683,107863.13333333335,False
141,Permit REJECTED by SUPERVISOR,missing,organizational unit 65456,STAFF MEMBER,SUPERVISOR,1326.5,1246.6666666666667,1326.1666666666667,79.66666666666667,143.33333333333334,1313.8333333333333,1245.8333333333333,442.6666666666667,1576.627891944261,1576.627891944261,1576.627891944261,1826.536397576173,1576.627891944261,172473.525,False
142,Declaration REJECTED by BUDGET OWNER,missing,organizational unit 65455,STAFF MEMBER,BUDGET OWNER,1307.5,1230.0,1309.5,88.5,0.0,1298.0,1230.0,377.5,298.3883096924578,298.3883096924578,298.3883096924578,725.8640640855909,298.3883096924578,67874.85,False
143,Declaration REJECTED by SUPERVISOR,missing,organizational unit 65457,STAFF MEMBER,SUPERVISOR,1308.0,1230.0,1309.0,135.66666666666666,123.16666666666667,1297.0,1229.0,415.6666666666667,883.7337300661842,883.7337300661842,883.7337300661842,1011.9160995338915,883.7337300661842,142320.0861111111,False
144,Permit REJECTED by ADMINISTRATION,missing,organizational unit 65458,STAFF MEMBER,ADMINISTRATION,4241.0,1212.0,1291.0,165.0,0.0,1279.0,1211.0,422.0,0.0,0.0,0.0,541.1000407897271,0.0,129145.23333333334,False
145,Permit REJECTED by EMPLOYEE,missing,organizational unit 65458,STAFF MEMBER,EMPLOYEE,4241.0,1212.0,1291.0,165.0,0.0,1279.0,1211.0,422.0,0.0,0.0,0.0,541.1000407897271,0.0,129145.23333333334,False
146,start,task 427,organizational unit 65458,STAFF MEMBER,EMPLOYEE,1862.7926605504588,1765.6146788990825,1839.559633027523,100.07155963302752,186.61284403669725,1837.794495412844,1769.794495412844,413.4183486238532,752.8323267997416,752.8323267997416,752.8323267997416,1273.5780016585513,752.8323267997416,117073.02593272169,True
147,Start trip,task 427,organizational unit 65458,STAFF MEMBER,EMPLOYEE,1862.7926605504588,1765.6146788990825,1839.559633027523,100.07155963302752,186.61284403669725,1837.794495412844,1769.794495412844,413.4183486238532,752.8323267997416,752.8323267997416,752.8323267997416,1273.5780016585513,752.8323267997416,117073.02593272169,False
148,End trip,task 427,organizational unit 65458,STAFF MEMBER,EMPLOYEE,1862.7926605504588,1765.6146788990825,1839.559633027523,100.07155963302752,186.61284403669725,1837.794495412844,1769.794495412844,413.4183486238532,752.8323267997416,752.8323267997416,752.8323267997416,1273.5780016585513,752.8323267997416,117073.02593272169,False
149,Permit SUBMITTED by EMPLOYEE,task 427,organizational unit 65458,STAFF MEMBER,EMPLOYEE,1863.3853046594982,1766.2921146953406,1840.3548387096773,101.02150537634408,186.63620071684588,1838.3512544802868,1770.3512544802868,414.55913978494624,759.3064374710767,759.3064374710767,759.3064374710767,1307.690058371347,759.3064374710767,117648.52974910394,False
150,Permit APPROVED by ADMINISTRATION,task 427,organizational unit 65458,STAFF MEMBER,ADMINISTRATION,1863.781981981982,1766.6342342342343,1840.6702702702703,100.98918918918919,186.56936936936938,1838.7207207207207,1770.7207207207207,414.65765765765764,759.3990942078227,759.3990942078227,759.3990942078227,1307.9079157376705,759.3990942078227,117828.2978078078,False
151,Permit FINAL_APPROVED by SUPERVISOR,task 427,organizational unit 65458,STAFF MEMBER,SUPERVISOR,1862.2650602409637,1764.6767068273093,1838.144578313253,96.88755020080322,187.74899598393574,1837.355421686747,1769.355421686747,413.40361445783134,688.6664530635944,688.6664530635944,688.6664530635944,1048.1923483613878,688.6664530635944,109855.05297858098,False
152,Declaration SUBMITTED by EMPLOYEE,task 427,organizational unit 65458,STAFF MEMBER,EMPLOYEE,1860.5432098765432,1764.721536351166,1837.5871056241426,100.43347050754458,183.6406035665295,1835.6049382716049,1767.6049382716049,412.77366255144034,796.9166512683682,796.9166512683682,796.9166512683682,1323.3664455347102,796.9166512683682,120898.3509373571,False
153,Declaration APPROVED by ADMINISTRATION,task 427,organizational unit 65458,STAFF MEMBER,ADMINISTRATION,1862.0412186379929,1765.0394265232974,1839.1021505376343,100.2078853046595,184.93548387096774,1837.1021505376343,1769.1021505376343,413.0017921146953,753.4579195608769,753.4579195608769,753.4579195608769,1269.8494134579826,753.457919560877,118192.96481481481,False
154,Declaration FINAL_APPROVED by SUPERVISOR,task 427,organizational unit 65458,STAFF MEMBER,SUPERVISOR,1862.641791044776,1765.3805970149253,1839.240671641791,99.44962686567165,187.90485074626866,1837.6492537313434,1769.6492537313434,413.70522388059703,717.2609292235336,717.2609292235336,717.2609292235336,1234.8860337698889,717.2609292235336,116691.96557835821,False
155,Request Payment,task 427,organizational unit 65458,SYSTEM,UNDEFINED,1862.7926605504588,1765.6146788990825,1839.559633027523,100.07155963302752,186.61284403669725,1837.794495412844,1769.794495412844,413.4183486238532,752.8323267997416,752.8323267997416,752.8323267997416,1273.5780016585513,752.8323267997416,117073.02593272169,False
156,Payment Handled,task 427,organizational unit 65458,SYSTEM,UNDEFINED,1862.7926605504588,1765.6146788990825,1839.559633027523,100.07155963302752,186.61284403669725,1837.794495412844,1769.794495412844,413.4183486238532,752.8323267997416,752.8323267997416,752.8323267997416,1273.5780016585513,752.8323267997416,117073.02593272169,False
157,archive_application,task 427,organizational unit 65458,SYSTEM,UNDEFINED,1862.7926605504588,1765.6146788990825,1839.559633027523,100.07155963302752,186.61284403669725,1837.794495412844,1769.794495412844,413.4183486238532,752.8323267997416,752.8323267997416,752.8323267997416,1273.5780016585513,752.8323267997416,117073.02593272169,False
158,Permit APPROVED by BUDGET OWNER,missing,organizational unit 65458,STAFF MEMBER,BUDGET OWNER,1877.088669950739,1784.5467980295566,1863.5467980295566,109.23645320197045,179.04433497536945,1851.512315270936,1783.512315270936,405.9802955665025,753.9754630373225,753.9754630373225,753.9754630373225,1349.678337241699,753.9754630373225,128183.5724958949,False
159,Declaration REJECTED by ADMINISTRATION,task 427,organizational unit 65456,STAFF MEMBER,ADMINISTRATION,1855.654970760234,1763.6842105263158,1832.6432748538011,101.16959064327486,179.41520467836258,1830.719298245614,1762.719298245614,412.02923976608184,938.7293547349192,938.7293547349192,938.7293547349192,1498.0009712587691,938.7293547349192,129726.45302144249,False
160,Declaration REJECTED by EMPLOYEE,task 427,organizational unit 65456,STAFF MEMBER,EMPLOYEE,1851.4254143646408,1759.6961325966852,1829.2099447513813,102.04419889502762,177.73480662983425,1826.7403314917126,1758.7403314917126,412.98342541436466,933.0523934763434,933.0523934763434,933.0523934763434,1459.9635489873513,933.0523934763434,129749.64060773481,False
161,Declaration APPROVED by BUDGET OWNER,task 427,organizational unit 65458,STAFF MEMBER,BUDGET OWNER,1873.3816425120774,1781.0579710144928,1860.0579710144928,106.8792270531401,180.57487922705315,1848.024154589372,1780.024154589372,408.30434782608694,728.216240508371,728.216240508371,728.216240508371,1305.4371491902011,728.216240508371,126783.752979066,False
162,Send Reminder,missing,organizational unit 65458,SYSTEM,UNDEFINED,1841.0434782608695,1750.2608695652175,1829.2608695652175,96.41304347826087,170.2608695652174,1817.3478260869565,1749.3478260869565,389.5217391304348,648.6761062274725,648.6761062274725,648.6761062274725,1206.6747059284626,648.6761062274725,185715.62355072467,False
163,Permit APPROVED by SUPERVISOR,missing,organizational unit 65458,STAFF MEMBER,SUPERVISOR,1868.3829787234042,1775.5531914893618,1854.5531914893618,133.80851063829786,174.5744680851064,1842.4468085106382,1774.4468085106382,413.5744680851064,1432.7175421316838,1432.7175421316838,1432.7175421316838,3661.7068387221125,1432.7175421316838,193552.8244680851,False
164,Permit FINAL_APPROVED by DIRECTOR,missing,organizational unit 65458,STAFF MEMBER,DIRECTOR,1868.3829787234042,1775.5531914893618,1854.5531914893618,133.80851063829786,174.5744680851064,1842.4468085106382,1774.4468085106382,413.5744680851064,1432.7175421316838,1432.7175421316838,1432.7175421316838,3661.7068387221125,1432.7175421316838,193552.8244680851,False
165,Declaration APPROVED by SUPERVISOR,missing,organizational unit 65457,STAFF MEMBER,SUPERVISOR,1871.7777777777778,1779.5555555555557,1858.5555555555557,137.11111111111111,109.66666666666667,1846.4444444444443,1778.4444444444443,396.3333333333333,2871.3066713383496,2871.3066713383496,2871.3066713383496,3577.8996448055486,2871.3066713383496,139767.28703703705,False
166,Declaration FINAL_APPROVED by DIRECTOR,missing,organizational unit 65457,STAFF MEMBER,DIRECTOR,1871.7777777777778,1779.5555555555557,1858.5555555555557,137.11111111111111,109.66666666666667,1846.4444444444443,1778.4444444444443,396.3333333333333,2871.3066713383496,2871.3066713383496,2871.3066713383496,3577.8996448055486,2871.3066713383496,139767.28703703705,False
167,Declaration REJECTED by SUPERVISOR,missing,organizational unit 65456,STAFF MEMBER,SUPERVISOR,1810.5,1720.875,1799.875,105.375,186.25,1788.125,1720.125,404.875,872.0532957769683,872.0532957769683,872.0532957769683,1066.985540558087,872.0532957769683,132084.33541666667,False
168,Permit REJECTED by ADMINISTRATION,task 427,organizational unit 65454,STAFF MEMBER,ADMINISTRATION,1790.0,1703.0,1782.0,107.0,199.0,1770.0,1702.0,396.3333333333333,742.164941173077,742.164941173077,742.164941173077,1267.3864456014987,742.164941173077,84391.4388888889,False
169,Permit REJECTED by EMPLOYEE,missing,organizational unit 65458,STAFF MEMBER,EMPLOYEE,1888.2307692307693,1794.6923076923076,1873.6923076923076,140.84615384615384,187.6153846153846,1861.6923076923076,1793.6923076923076,462.38461538461536,1030.721077153972,1030.721077153972,1030.721077153972,2737.77243594625,1030.721077153972,141775.42051282048,False
170,Declaration REJECTED by BUDGET OWNER,missing,organizational unit 65458,STAFF MEMBER,BUDGET OWNER,1862.6,1773.0,1852.0,106.8,0.0,1840.0,1772.0,380.6,631.8949285788805,631.8949285788805,631.8949285788805,1188.015496235829,631.8949285788805,218040.10999999996,False
171,Permit REJECTED by BUDGET OWNER,missing,organizational unit 65458,STAFF MEMBER,BUDGET OWNER,1802.6666666666667,1714.6666666666667,1793.6666666666667,165.66666666666666,0.0,1781.6666666666667,1713.6666666666667,483.6666666666667,889.055501100977,889.055501100977,889.055501100977,1556.734606674464,889.055501100977,116458.27777777777,False
172,Permit REJECTED by SUPERVISOR,task 427,organizational unit 65456,STAFF MEMBER,SUPERVISOR,1967.0,1868.2857142857142,1947.2857142857142,144.71428571428572,263.14285714285717,1935.2857142857142,1867.2857142857142,481.57142857142856,1215.1018108827816,1215.1018108827816,1215.1018108827816,3874.0969300676234,1215.1018108827818,177218.7595238095,False
173,start,task 427,organizational unit 65456,STAFF MEMBER,EMPLOYEE,2505.7996389891696,2199.2328519855596,2280.9693140794225,109.61191335740072,236.73285198555956,2354.1516245487364,2286.1516245487364,475.7725631768953,722.1998818746691,722.1998818746691,722.1998818746691,1197.1380943068289,722.1998818746691,105882.94795427196,True
174,Permit SUBMITTED by EMPLOYEE,task 427,organizational unit 65456,STAFF MEMBER,EMPLOYEE,2501.048780487805,2201.045296167247,2282.6620209059233,109.08362369337979,236.97212543554008,2352.9006968641115,2284.9006968641115,476.08710801393727,729.0596889514479,729.0596889514479,729.0596889514479,1189.8284283492026,729.0596889514478,105666.3818815331,False
175,Permit APPROVED by ADMINISTRATION,task 427,organizational unit 65456,STAFF MEMBER,ADMINISTRATION,2465.553539019964,2252.3847549909256,2330.6969147005443,109.65517241379311,239.52268602540835,2319.3920145190564,2251.3920145190564,485.5263157894737,738.8620175957325,738.8620175957325,738.8620175957325,1194.8459761481865,738.8620175957325,104651.02316999395,False
176,Permit FINAL_APPROVED by SUPERVISOR,task 427,organizational unit 65456,STAFF MEMBER,SUPERVISOR,2506.759082217973,2197.6347992351816,2279.5717017208412,108.31739961759082,237.12045889101339,2357.7648183556407,2289.7648183556407,476.18929254302105,644.8557222823972,644.8557222823972,644.8557222823972,1062.4752053535653,644.8557222823972,104276.67756532824,False
177,Start trip,task 427,organizational unit 65456,STAFF MEMBER,EMPLOYEE,2505.7996389891696,2199.2328519855596,2280.9693140794225,109.61191335740072,236.73285198555956,2354.1516245487364,2286.1516245487364,475.7725631768953,722.1998818746691,722.1998818746691,722.1998818746691,1197.1380943068289,722.1998818746691,105882.94795427196,False
178,End trip,task 427,organizational unit 65456,STAFF MEMBER,EMPLOYEE,2505.7996389891696,2199.2328519855596,2280.9693140794225,109.61191335740072,236.73285198555956,2354.1516245487364,2286.1516245487364,475.7725631768953,722.1998818746691,722.1998818746691,722.1998818746691,1197.1380943068289,722.1998818746691,105882.94795427196,False
179,Declaration SUBMITTED by EMPLOYEE,task 427,organizational unit 65456,STAFF MEMBER,EMPLOYEE,2487.28115942029,2214.340579710145,2295.395652173913,108.3,237.2391304347826,2351.926086956522,2283.926086956522,478.031884057971,778.3357422265295,778.3357422265295,778.3357422265295,1237.9247663437702,778.3357422265295,107410.29103864734,False
180,Declaration REJECTED by ADMINISTRATION,task 427,organizational unit 65456,STAFF MEMBER,ADMINISTRATION,2673.8630136986303,2199.5068493150684,2277.8972602739727,100.95205479452055,235.45890410958904,2266.5068493150684,2198.5068493150684,482.24657534246575,864.3491556446015,864.3491556446015,864.3491556446015,1380.22193296867,864.3491556446015,110414.61689497717,False
181,Declaration REJECTED by EMPLOYEE,task 427,organizational unit 65456,STAFF MEMBER,EMPLOYEE,2685.4645161290323,2190.761290322581,2270.0451612903225,102.78709677419354,223.71612903225807,2282.625806451613,2214.625806451613,477.6258064516129,862.7888645227442,862.7888645227442,862.7888645227442,1390.207123696109,862.7888645227442,110155.64494623657,False
182,archive_application,task 427,organizational unit 65456,SYSTEM,UNDEFINED,2505.7996389891696,2199.2328519855596,2280.9693140794225,109.61191335740072,236.73285198555956,2354.1516245487364,2286.1516245487364,475.7725631768953,722.1998818746691,722.1998818746691,722.1998818746691,1197.1380943068289,722.1998818746691,105882.94795427196,False
183,Permit APPROVED by BUDGET OWNER,task 427,organizational unit 65456,STAFF MEMBER,BUDGET OWNER,2424.805714285714,2254.342857142857,2332.6685714285713,100.57142857142857,239.40571428571428,2321.365714285714,2253.365714285714,495.22285714285715,704.2526592108626,704.2526592108626,704.2526592108626,1054.0362514853562,704.2526592108626,98870.88333333335,False
184,Permit APPROVED by SUPERVISOR,task 427,organizational unit 65458,STAFF MEMBER,SUPERVISOR,2489.6129032258063,2226.1935483870966,2304.548387096774,131.4516129032258,230.19354838709677,2293.1935483870966,2225.1935483870966,468.741935483871,2027.0707033829985,2027.0707033829985,2027.0707033829985,3469.031349873178,2027.0707033829985,132982.28387096777,False
185,Permit FINAL_APPROVED by DIRECTOR,task 427,organizational unit 65458,STAFF MEMBER,DIRECTOR,2489.6129032258063,2226.1935483870966,2304.548387096774,131.4516129032258,230.19354838709677,2293.1935483870966,2225.1935483870966,468.741935483871,2027.0707033829985,2027.0707033829985,2027.0707033829985,3469.031349873178,2027.0707033829985,132982.28387096777,False
186,Declaration APPROVED by ADMINISTRATION,task 427,organizational unit 65456,STAFF MEMBER,ADMINISTRATION,2395.7693761814744,2272.406427221172,2350.6899810964082,110.12476370510397,240.5671077504726,2339.4083175803403,2271.4083175803403,486.51039697542535,766.8011405544821,766.8011405544821,766.8011405544821,1199.2255855279072,766.8011405544821,105801.3904536862,False
187,Declaration APPROVED by BUDGET OWNER,task 427,organizational unit 65456,STAFF MEMBER,BUDGET OWNER,2397.0393258426966,2266.044943820225,2344.35393258427,101.23595505617978,230.64606741573033,2333.061797752809,2265.061797752809,495.34831460674155,724.5839660717121,724.5839660717121,724.5839660717121,1063.600781389848,724.5839660717121,99759.01367041198,False
188,Declaration REJECTED by SUPERVISOR,missing,organizational unit 65456,STAFF MEMBER,SUPERVISOR,2636.4444444444443,2270.3333333333335,2348.6666666666665,111.88888888888889,82.55555555555556,2337.4444444444443,2269.4444444444443,448.6666666666667,1000.5033548491944,1000.5033548491944,1000.5033548491944,1590.2095682763622,1000.5033548491946,117087.2462962963,False
189,Declaration SAVED by EMPLOYEE,task 427,organizational unit 65454,STAFF MEMBER,EMPLOYEE,4241.0,1945.0,2024.0,2.0,9.0,2013.0,1945.0,420.0,0.0,0.0,0.0,328.4177158778492,0.0,22814.483333333337,False
190,Declaration APPROVED by SUPERVISOR,task 427,organizational unit 65458,STAFF MEMBER,SUPERVISOR,2391.1428571428573,2272.3571428571427,2350.6428571428573,145.0,338.35714285714283,2339.214285714286,2271.214285714286,485.7857142857143,2941.608932227498,2941.608932227498,2941.608932227498,3249.313669898228,2941.6089322274975,114494.28095238097,False
191,Declaration FINAL_APPROVED by DIRECTOR,task 427,organizational unit 65458,STAFF MEMBER,DIRECTOR,2391.1428571428573,2272.3571428571427,2350.6428571428573,145.0,338.35714285714283,2339.214285714286,2271.214285714286,485.7857142857143,2941.608932227498,2941.608932227498,2941.608932227498,3249.313669898228,2941.6089322274975,114494.28095238097,False
192,Request Payment,task 427,organizational unit 65456,SYSTEM,UNDEFINED,2420.3541666666665,2233.878787878788,2314.6477272727275,110.39772727272727,240.6818181818182,2364.848484848485,2296.848484848485,480.24242424242425,756.0315458667502,756.0315458667502,756.0315458667502,1190.6205877675295,756.0315458667502,106006.07960858586,False
193,Payment Handled,task 427,organizational unit 65456,SYSTEM,UNDEFINED,2420.3541666666665,2233.878787878788,2314.6477272727275,110.39772727272727,240.6818181818182,2364.848484848485,2296.848484848485,480.24242424242425,756.0315458667502,756.0315458667502,756.0315458667502,1190.6205877675295,756.0315458667502,106006.07960858586,False
194,Declaration FINAL_APPROVED by SUPERVISOR,task 427,organizational unit 65455,STAFF MEMBER,SUPERVISOR,2431.7098646034815,2219.8742746615085,2301.5551257253387,109.321083172147,239.19535783365572,2373.6266924564798,2305.6266924564798,478.1276595744681,694.2286450819763,694.2286450819763,694.2286450819763,1138.3202901084517,694.2286450819763,106182.34983881365,False
195,Permit REJECTED by SUPERVISOR,task 427,organizational unit 65456,STAFF MEMBER,SUPERVISOR,2359.125,2240.875,2319.25,132.0,344.75,2307.875,2239.875,536.125,940.7202201804171,940.7202201804171,940.7202201804171,1001.674382071688,940.7202201804171,73963.52083333334,False
196,Permit REJECTED by EMPLOYEE,task 427,organizational unit 65454,STAFF MEMBER,EMPLOYEE,2369.45,2251.25,2329.55,94.45,243.6,2318.25,2250.25,484.8,919.0763449782155,919.0763449782155,919.0763449782155,987.3506813229508,919.0763449782155,99667.50166666668,False
197,Send Reminder,task 427,organizational unit 65458,SYSTEM,UNDEFINED,2420.8064516129034,2301.2903225806454,2379.516129032258,122.3225806451613,246.58064516129033,2368.3548387096776,2300.3548387096776,441.03225806451616,759.0478254230336,759.0478254230336,759.0478254230336,949.3579177301613,759.0478254230335,135408.95752688174,False
198,Permit REJECTED by ADMINISTRATION,task 427,organizational unit 65454,STAFF MEMBER,ADMINISTRATION,2351.1,2233.6,2311.9,62.0,211.4,2300.6,2232.6,444.4,781.2260991854879,781.2260991854879,781.2260991854879,880.3478998747798,781.2260991854879,118254.71666666665,False
199,Declaration REJECTED by BUDGET OWNER,task 427,organizational unit 65456,STAFF MEMBER,BUDGET OWNER,2294.0,2182.0,2260.0,116.0,47.0,2249.0,2181.0,572.0,89.56737213910162,89.56737213910162,89.56737213910162,408.14785351240755,89.56737213910162,93845.16666666669,False
200,start,task 427,organizational unit 65458,STAFF MEMBER,EMPLOYEE,2946.033644859813,2768.3009345794394,2836.7794392523365,111.02616822429907,231.33271028037385,2835.700934579439,2767.700934579439,464.46542056074765,756.84667702019,756.84667702019,756.84667702019,1265.1485805645336,756.84667702019,118094.62576323988,True
201,Permit SUBMITTED by EMPLOYEE,task 427,organizational unit 65458,STAFF MEMBER,EMPLOYEE,2946.280357142857,2770.2982142857145,2839.1839285714286,110.59107142857142,228.68392857142857,2837.7089285714287,2769.7089285714287,465.41785714285714,762.0189165084277,762.0189165084277,762.0189165084277,1271.1841794786194,762.0189165084277,119493.71389880954,False
202,Permit APPROVED by ADMINISTRATION,task 427,organizational unit 65458,STAFF MEMBER,ADMINISTRATION,2944.738574040219,2767.9561243144426,2842.725776965265,110.51919561243145,230.86654478976234,2835.3583180987202,2767.3583180987202,465.15722120658137,756.7160889518674,756.7160889518674,756.7160889518674,1268.7290827375318,756.7160889518673,119822.20578915295,False
203,Permit FINAL_APPROVED by SUPERVISOR,task 427,organizational unit 65456,STAFF MEMBER,SUPERVISOR,2941.00412371134,2762.4123711340208,2829.954639175258,108.87628865979381,237.81237113402062,2829.7938144329896,2761.7938144329896,466.4185567010309,701.2548762281839,701.2548762281839,701.2548762281839,1062.905274283543,701.2548762281839,105429.81580756015,False
204,Start trip,task 427,organizational unit 65458,STAFF MEMBER,EMPLOYEE,2946.033644859813,2768.3009345794394,2836.7794392523365,111.02616822429907,231.33271028037385,2835.700934579439,2767.700934579439,464.46542056074765,756.84667702019,756.84667702019,756.84667702019,1265.1485805645336,756.84667702019,118094.62576323988,False
205,End trip,task 427,organizational unit 65458,STAFF MEMBER,EMPLOYEE,2946.033644859813,2768.3009345794394,2836.7794392523365,111.02616822429907,231.33271028037385,2835.700934579439,2767.700934579439,464.46542056074765,756.84667702019,756.84667702019,756.84667702019,1265.1485805645336,756.84667702019,118094.62576323988,False
206,Declaration SUBMITTED by EMPLOYEE,task 427,organizational unit 65458,STAFF MEMBER,EMPLOYEE,2935.931330472103,2768.2017167381973,2836.552217453505,112.27467811158799,233.5379113018598,2835.6051502145924,2767.6051502145924,467.16881258941345,794.0173467033109,794.0173467033109,794.0173467033109,1295.516983383777,794.0173467033109,119373.36549833095,False
207,Declaration APPROVED by ADMINISTRATION,task 427,organizational unit 65458,STAFF MEMBER,ADMINISTRATION,2920.826168224299,2774.127102803738,2848.8242990654207,112.22429906542057,230.62056074766355,2841.5345794392524,2773.5345794392524,463.73644859813083,769.3759370363936,769.3759370363936,769.3759370363936,1279.0124333111214,769.3759370363936,120182.59242990655,False
208,Declaration REJECTED by SUPERVISOR,task 427,organizational unit 65456,STAFF MEMBER,SUPERVISOR,3298.5454545454545,2724.181818181818,2802.0,94.63636363636364,197.1818181818182,2791.6363636363635,2723.6363636363635,484.0,582.407880313608,582.407880313608,582.407880313608,1104.5021154678595,582.407880313608,108263.79393939395,False
209,Declaration REJECTED by EMPLOYEE,task 427,organizational unit 65456,STAFF MEMBER,EMPLOYEE,2996.074285714286,2746.982857142857,2815.5485714285714,112.79428571428572,237.10857142857142,2814.3771428571426,2746.3771428571426,478.95428571428573,851.1119457394988,851.1119457394988,851.1119457394988,1366.7558241346464,851.1119457394988,121284.52152380951,False
210,archive_application,task 427,organizational unit 65458,SYSTEM,UNDEFINED,2946.033644859813,2768.3009345794394,2836.7794392523365,111.02616822429907,231.33271028037385,2835.700934579439,2767.700934579439,464.46542056074765,756.84667702019,756.84667702019,756.84667702019,1265.1485805645336,756.84667702019,118094.62576323988,False
211,Declaration REJECTED by ADMINISTRATION,task 427,organizational unit 65456,STAFF MEMBER,ADMINISTRATION,2982.956790123457,2745.604938271605,2813.438271604938,112.46913580246914,242.3827160493827,2812.9876543209875,2744.9876543209875,479.89506172839504,877.3424072145942,877.3424072145942,877.3424072145942,1343.3152253778678,877.3424072145942,116787.5653292181,False
212,Permit APPROVED by BUDGET OWNER,task 427,organizational unit 65456,STAFF MEMBER,BUDGET OWNER,2959.621052631579,2788.878947368421,2866.521052631579,104.55263157894737,235.60526315789474,2856.3368421052633,2788.3368421052633,468.5157894736842,771.987861370157,771.987861370157,771.987861370157,1425.1858472771567,771.987861370157,142368.37324561403,False
213,Send Reminder,task 427,organizational unit 65458,SYSTEM,UNDEFINED,2927.125,2744.675,2742.575,126.775,228.775,2811.9,2743.9,438.9,669.3784612179813,669.3784612179813,669.3784612179813,1029.1496594570865,669.3784612179813,160213.33208333334,False
214,Declaration SAVED by EMPLOYEE,task 427,organizational unit 65459,STAFF MEMBER,EMPLOYEE,4241.0,2303.0,2381.0,181.0,61.0,2371.0,2303.0,484.0,0.0,0.0,0.0,2223.5134542616897,0.0,177138.9,False
215,Permit REJECTED by BUDGET OWNER,missing,organizational unit 65458,STAFF MEMBER,BUDGET OWNER,2502.5,2381.0,2459.0,106.5,0.0,2448.0,2380.0,481.5,1521.7520731330455,1521.7520731330455,1521.7520731330455,1465.0697855688557,1521.7520731330455,109547.35,False
216,Declaration FINAL_APPROVED by SUPERVISOR,task 427,organizational unit 65458,STAFF MEMBER,SUPERVISOR,2915.230919765166,2777.3953033268103,2845.426614481409,111.48727984344423,231.92759295499022,2844.8043052837575,2776.8043052837575,462.60469667318984,723.5727324772058,723.5727324772058,723.5727324772058,1209.5329331084376,723.5727324772058,118324.27469015002,False
217,Request Payment,task 427,organizational unit 65458,SYSTEM,UNDEFINED,2913.7835249042146,2775.992337164751,2844.2337164750957,112.08812260536398,231.11494252873564,2843.4003831417626,2775.4003831417626,462.9501915708812,775.6953490532599,775.6953490532599,775.6953490532599,1268.7673913131425,775.6953490532599,118789.38943167306,False
218,Payment Handled,task 427,organizational unit 65458,SYSTEM,UNDEFINED,2913.7835249042146,2775.992337164751,2844.2337164750957,112.08812260536398,231.11494252873564,2843.4003831417626,2775.4003831417626,462.9501915708812,775.6953490532599,775.6953490532599,775.6953490532599,1268.7673913131425,775.6953490532599,118789.38943167306,False
219,Declaration APPROVED by BUDGET OWNER,task 427,organizational unit 65456,STAFF MEMBER,BUDGET OWNER,2941.271276595745,2802.9840425531916,2880.601063829787,104.98936170212765,234.0531914893617,2870.4627659574467,2802.4627659574467,462.5585106382979,771.6288986375753,771.6288986375753,771.6288986375753,1389.21653261325,771.6288986375753,143830.26303191486,False
220,Permit APPROVED by SUPERVISOR,missing,organizational unit 65458,STAFF MEMBER,SUPERVISOR,2994.82,2825.42,2902.98,131.88,168.48,2893.0,2825.0,445.52,1296.0871447026482,1296.0871447026482,1296.0871447026482,3226.9086514901455,1296.0871447026482,240943.28233333334,False
221,Permit FINAL_APPROVED by DIRECTOR,missing,organizational unit 65458,STAFF MEMBER,DIRECTOR,2994.82,2825.42,2902.98,131.88,168.48,2893.0,2825.0,445.52,1296.0871447026482,1296.0871447026482,1296.0871447026482,3226.9086514901455,1296.0871447026482,240943.28233333334,False
222,Declaration APPROVED by SUPERVISOR,missing,organizational unit 65459,STAFF MEMBER,SUPERVISOR,2846.5454545454545,2710.818181818182,2788.818181818182,140.0,193.36363636363637,2778.181818181818,2710.181818181818,479.0,3197.0278099954025,3197.0278099954025,3197.0278099954025,4020.477222458978,3197.0278099954025,140396.0833333333,False
223,Declaration FINAL_APPROVED by DIRECTOR,missing,organizational unit 65459,STAFF MEMBER,DIRECTOR,2846.5454545454545,2710.818181818182,2788.818181818182,140.0,193.36363636363637,2778.181818181818,2710.181818181818,479.0,3197.0278099954025,3197.0278099954025,3197.0278099954025,4020.477222458978,3197.0278099954025,140396.0833333333,False
224,Permit REJECTED by ADMINISTRATION,missing,organizational unit 65454,STAFF MEMBER,ADMINISTRATION,2956.4166666666665,2817.0,2894.5,120.91666666666667,139.66666666666666,2884.6666666666665,2816.6666666666665,499.1666666666667,1057.9105134224112,1057.9105134224112,1057.9105134224112,1423.6896333151099,1057.9105134224112,107400.41249999999,False
225,Permit REJECTED by EMPLOYEE,task 427,organizational unit 65454,STAFF MEMBER,EMPLOYEE,2951.56,2813.04,2890.64,101.28,172.0,2880.68,2812.68,485.8,872.7048415567157,872.7048415567157,872.7048415567157,1400.3459962400498,872.7048415567156,149434.2,False
226,Permit REJECTED by SUPERVISOR,task 427,organizational unit 65454,STAFF MEMBER,SUPERVISOR,2933.75,2796.5,2874.125,77.25,166.75,2864.25,2796.25,463.75,737.5748200509477,737.5748200509477,737.5748200509477,1301.742301570902,737.5748200509477,94791.01666666666,False
227,Declaration REJECTED by BUDGET OWNER,missing,organizational unit 65458,STAFF MEMBER,BUDGET OWNER,3010.3333333333335,2871.6666666666665,2949.0,171.66666666666666,224.66666666666666,2939.3333333333335,2871.3333333333335,439.3333333333333,136.21128406611103,136.21128406611103,136.21128406611103,3536.5356455528695,136.21128406611103,394550.73333333334,False
228,Permit REJECTED by BUDGET OWNER,task 427,organizational unit 65456,STAFF MEMBER,BUDGET OWNER,2968.4,2830.0,2907.8,92.6,258.0,2897.4,2829.4,489.0,644.4192634882751,644.4192634882751,644.4192634882751,1502.087178730543,644.4192634882751,337744.38333333324,False
229,Permit APPROVED by BUDGET OWNER,task 427,organizational unit 65456,STAFF MEMBER,BUDGET OWNER,3417.0958083832334,3205.1556886227545,3282.1736526946106,103.7125748502994,215.5449101796407,3273.119760479042,3205.119760479042,439.02994011976045,822.4097667817256,822.4097667817256,822.4097667817256,1346.862385423358,822.4097667817256,116092.7947105788,False
230,Declaration REJECTED by ADMINISTRATION,task 427,organizational unit 65456,STAFF MEMBER,ADMINISTRATION,3470.2608695652175,3196.340579710145,3273.3623188405795,108.90579710144928,212.3695652173913,3264.31884057971,3196.31884057971,436.44202898550725,1029.8449574336933,1029.8449574336933,1029.8449574336933,1599.062919913115,1029.8449574336933,138350.48285024153,False
231,Declaration REJECTED by EMPLOYEE,task 427,organizational unit 65456,STAFF MEMBER,EMPLOYEE,3482.253012048193,3230.3313253012047,3307.3493975903616,109.99397590361446,223.1024096385542,3298.4156626506024,3230.4156626506024,391.0421686746988,1047.1755545996268,1047.1755545996268,1047.1755545996268,1624.2344719527628,1047.1755545996268,132983.20592369477,False
232,Permit REJECTED by MISSING,missing,organizational unit 65455,STAFF MEMBER,missing,2963.0,0.0,266.0,158.0,0.0,2894.0,2826.0,312.0,70.98977194674546,70.98977194674546,70.98977194674546,139.19563126812818,70.98977194674546,64917.066666666666,False
233,Permit APPROVED by SUPERVISOR,task 427,organizational unit 65458,STAFF MEMBER,SUPERVISOR,3500.5697674418607,3300.0232558139537,3377.0348837209303,143.27906976744185,336.83720930232556,3368.3953488372094,3300.3953488372094,285.7674418604651,1360.923453361121,1360.923453361121,1360.923453361121,3882.231005898517,1360.923453361121,248116.12500000003,False
234,Permit FINAL_APPROVED by DIRECTOR,task 427,organizational unit 65458,STAFF MEMBER,DIRECTOR,3500.5697674418607,3300.0232558139537,3377.0348837209303,143.27906976744185,336.83720930232556,3368.3953488372094,3300.3953488372094,285.7674418604651,1360.923453361121,1360.923453361121,1360.923453361121,3882.231005898517,1360.923453361121,248116.12500000003,False
235,Send Reminder,missing,organizational unit 65458,SYSTEM,UNDEFINED,3368.4285714285716,3172.0204081632655,3249.0204081632655,103.22448979591837,201.14285714285714,3240.0204081632655,3172.0204081632655,388.2857142857143,784.2849912579787,784.2849912579787,784.2849912579787,1081.7933244579842,784.2849912579787,186757.63265306127,False
236,Declaration APPROVED by BUDGET OWNER,task 427,organizational unit 65456,STAFF MEMBER,BUDGET OWNER,3390.327044025157,3217.811320754717,3294.811320754717,102.22641509433963,208.14465408805032,3285.7987421383646,3217.7987421383646,440.9056603773585,860.6291723283697,860.6291723283697,860.6291723283697,1349.1218539312033,860.6291723283697,116954.31624737944,False
237,Declaration REJECTED by SUPERVISOR,task 427,organizational unit 65458,STAFF MEMBER,SUPERVISOR,3628.846153846154,3308.230769230769,3385.230769230769,127.76923076923077,255.76923076923077,3376.769230769231,3308.769230769231,250.15384615384616,980.6473239635123,980.6473239635123,980.6473239635123,1727.8473300198552,980.6473239635122,164941.03846153844,False
238,Permit REJECTED by ADMINISTRATION,missing,organizational unit 65466,STAFF MEMBER,ADMINISTRATION,3353.714285714286,3195.1428571428573,3272.1428571428573,67.0,137.14285714285714,3263.1428571428573,3195.1428571428573,448.7142857142857,989.4796865155889,989.4796865155889,989.4796865155889,1183.395902758473,989.4796865155889,75505.38333333332,False
239,Permit REJECTED by EMPLOYEE,missing,organizational unit 65458,STAFF MEMBER,EMPLOYEE,3496.5,3332.5714285714284,3409.5714285714284,118.57142857142857,151.14285714285714,3400.75,3332.75,277.7857142857143,1003.3459125868483,1003.3459125868483,1003.3459125868483,1620.1549045739462,1003.3459125868483,138518.57916666666,False
240,Declaration APPROVED by SUPERVISOR,task 427,organizational unit 65458,STAFF MEMBER,SUPERVISOR,3495.675675675676,3330.054054054054,3407.054054054054,133.32432432432432,272.7837837837838,3398.6216216216217,3330.6216216216217,245.8918918918919,2965.613367501585,2965.613367501585,2965.613367501585,3518.2044094524426,2965.613367501585,166791.68918918917,False
241,Declaration FINAL_APPROVED by DIRECTOR,task 427,organizational unit 65458,STAFF MEMBER,DIRECTOR,3487.6285714285714,3322.6,3399.6,135.05714285714285,269.6,3391.1428571428573,3323.1428571428573,256.42857142857144,2866.565263500215,2866.565263500215,2866.565263500215,3459.976658378677,2866.565263500215,166106.24952380953,False
242,Declaration REJECTED by BUDGET OWNER,missing,organizational unit 65456,STAFF MEMBER,BUDGET OWNER,3375.0,3213.5,3290.5,57.0,38.0,3281.0,3213.0,428.5,823.2333660217148,823.2333660217148,823.2333660217148,2618.7862339018197,823.2333660217148,143565.76666666666,False
243,Declaration SAVED by EMPLOYEE,missing,organizational unit 65460,STAFF MEMBER,EMPLOYEE,4241.0,3275.3333333333335,3352.3333333333335,89.0,0.0,3343.3333333333335,3275.3333333333335,472.0,0.0,0.0,0.0,1226.2772310787582,0.0,114703.66666666667,False
244,Permit REJECTED by BUDGET OWNER,missing,organizational unit 65458,STAFF MEMBER,BUDGET OWNER,3422.0,3262.3333333333335,3339.3333333333335,121.33333333333333,15.333333333333334,3330.0,3262.0,279.0,983.6630848520664,983.6630848520664,983.6630848520664,497.05808338751103,983.6630848520664,222017.71666666665,False
245,Permit REJECTED by SUPERVISOR,missing,organizational unit 65458,STAFF MEMBER,SUPERVISOR,3547.909090909091,3379.818181818182,3456.818181818182,139.54545454545453,79.18181818181819,3448.181818181818,3380.181818181818,290.90909090909093,939.8001197474347,939.8001197474347,939.8001197474347,2372.145967262846,939.8001197474347,156616.0590909091,False
246,Declaration FINAL_APPROVED by SUPERVISOR,task 427,organizational unit 65458,STAFF MEMBER,SUPERVISOR,4241.990888382688,0.9977220956719818,0.0,134.7243735763098,255.7722095671982,0.0,0.0,145.79498861047836,611.4803797606049,611.4803797606049,611.4803797606049,1080.6935492046805,611.4803797606049,98798.41685649203,False
247,Request Payment,task 427,organizational unit 65458,SYSTEM,UNDEFINED,4242.0,0.9977064220183486,0.0,135.06422018348624,257.85550458715596,0.0,0.0,146.15825688073394,619.761042901052,619.761042901052,619.761042901052,1082.2174044673527,619.761042901052,98865.55019113148,False
248,Payment Handled,task 427,organizational unit 65458,SYSTEM,UNDEFINED,4242.0,0.9977064220183486,0.0,135.06422018348624,257.85550458715596,0.0,0.0,146.15825688073394,619.761042901052,619.761042901052,619.761042901052,1082.2174044673527,619.761042901052,98865.55019113148,False
249,start,task 427,organizational unit 65455,STAFF MEMBER,EMPLOYEE,3983.898756660746,3783.9573712255774,3860.982238010657,120.03197158081706,360.6891651865009,3855.760213143872,3787.760213143872,180.98401420959146,892.3216667336545,892.3216667336545,892.3216667336545,1314.2527841792983,892.3216667336545,112404.96859088218,True
250,Permit SUBMITTED by EMPLOYEE,task 427,organizational unit 65455,STAFF MEMBER,EMPLOYEE,3983.937293729373,3785.0412541254127,3862.0957095709573,121.38448844884489,364.76732673267327,3856.8597359735973,3788.8597359735973,178.36468646864685,893.0472726431805,893.0472726431805,893.0472726431805,1331.5903874371188,893.0472726431805,114218.24419691967,False
251,Permit APPROVED by PRE_APPROVER,task 427,organizational unit 65455,STAFF MEMBER,PRE_APPROVER,3943.5194805194806,3749.3863636363635,3826.1525974025976,115.16883116883118,354.3246753246753,3820.9253246753246,3752.9253246753246,124.31818181818181,620.1952690818796,620.1952690818796,620.1952690818796,962.899403540056,620.1952690818796,102808.9064935065,False
252,Permit FINAL_APPROVED by SUPERVISOR,task 427,organizational unit 65455,STAFF MEMBER,SUPERVISOR,3989.4045643153527,3789.572614107884,3866.533195020747,119.80497925311204,364.9190871369295,3861.435684647303,3793.435684647303,182.80497925311204,665.9995532061988,665.9995532061988,665.9995532061988,979.8407990117463,665.9995532061988,105750.97375518671,False
253,Start trip,task 427,organizational unit 65455,STAFF MEMBER,EMPLOYEE,3983.898756660746,3783.9573712255774,3860.982238010657,120.03197158081706,360.6891651865009,3855.760213143872,3787.760213143872,180.98401420959146,892.3216667336545,892.3216667336545,892.3216667336545,1314.2527841792983,892.3216667336545,112404.96859088218,False
254,End trip,task 427,organizational unit 65455,STAFF MEMBER,EMPLOYEE,3983.898756660746,3783.9573712255774,3860.982238010657,120.03197158081706,360.6891651865009,3855.760213143872,3787.760213143872,180.98401420959146,892.3216667336545,892.3216667336545,892.3216667336545,1314.2527841792983,892.3216667336545,112404.96859088218,False
255,Declaration SUBMITTED by EMPLOYEE,task 427,organizational unit 65455,STAFF MEMBER,EMPLOYEE,3984.491549295775,3789.292957746479,3866.088732394366,120.2718309859155,361.8943661971831,3861.143661971831,3793.143661971831,184.78169014084506,933.3173346304685,933.3173346304685,933.3173346304685,1327.7466320282822,933.3173346304685,117337.84058685445,False
256,Declaration FINAL_APPROVED by SUPERVISOR,task 427,organizational unit 65455,STAFF MEMBER,SUPERVISOR,3982.5444444444443,3788.524074074074,3865.137037037037,120.29074074074074,358.8759259259259,3860.3703703703704,3792.3703703703704,182.4148148148148,727.6856946324891,727.6856946324891,727.6856946324891,1107.1248857256417,727.6856946324891,111167.49305555556,False
257,Request Payment,task 427,organizational unit 65455,SYSTEM,UNDEFINED,3975.893772893773,3785.813186813187,3862.822344322344,120.13919413919415,360.4945054945055,3857.624542124542,3789.624542124542,183.9798534798535,919.2726575325123,919.2726575325123,919.2726575325123,1303.0825685476973,919.2726575325123,112992.6065934066,False
258,Payment Handled,task 427,organizational unit 65455,SYSTEM,UNDEFINED,3975.893772893773,3785.813186813187,3862.822344322344,120.13919413919415,360.4945054945055,3857.624542124542,3789.624542124542,183.9798534798535,919.2726575325123,919.2726575325123,919.2726575325123,1303.0825685476973,919.2726575325123,112992.6065934066,False
259,archive_application,task 427,organizational unit 65455,SYSTEM,UNDEFINED,3983.898756660746,3783.9573712255774,3860.982238010657,120.03197158081706,360.6891651865009,3855.760213143872,3787.760213143872,180.98401420959146,892.3216667336545,892.3216667336545,892.3216667336545,1314.2527841792983,892.3216667336545,112404.96859088218,False
260,Declaration REJECTED by PRE_APPROVER,task 427,organizational unit 65455,STAFF MEMBER,PRE_APPROVER,3943.8888888888887,3731.0222222222224,3808.4444444444443,112.06666666666666,430.5111111111111,3802.4666666666667,3734.4666666666667,110.77777777777777,682.8236663359312,682.8236663359312,682.8236663359312,910.4754710119814,682.8236663359312,96356.96185185183,False
261,Declaration REJECTED by EMPLOYEE,task 427,organizational unit 65455,STAFF MEMBER,EMPLOYEE,4028.5045045045044,3819.612612612613,3896.945945945946,121.76576576576576,364.7927927927928,3891.711711711712,3823.711711711712,227.36036036036037,1013.3585918327219,1013.3585918327219,1013.3585918327219,1412.108703575852,1013.3585918327219,133065.96951951954,False
262,Permit APPROVED by PRE_APPROVER,task 427,organizational unit 65455,STAFF MEMBER,PRE_APPROVER,3612.519230769231,3442.375,3519.375,124.67307692307692,374.65384615384613,3511.105769230769,3443.105769230769,115.38461538461539,663.1352932232896,663.1352932232896,663.1352932232896,1204.3767939587983,663.1352932232896,139312.35576923078,False
263,Declaration APPROVED by PRE_APPROVER,task 427,organizational unit 65455,STAFF MEMBER,PRE_APPROVER,3609.0530303030305,3439.340909090909,3516.340909090909,133.54545454545453,422.5151515151515,3508.0757575757575,3440.0757575757575,102.16666666666667,695.5495170519146,695.5495170519146,695.5495170519146,1862.1325951845183,695.5495170519146,184195.50227272726,False
264,Declaration APPROVED by PRE_APPROVER,task 427,organizational unit 65455,STAFF MEMBER,PRE_APPROVER,3936.134020618557,3746.59793814433,3822.6013745704468,116.53264604810997,363.0515463917526,3818.1099656357387,3750.1099656357387,111.40893470790378,648.8558773221914,648.8558773221914,648.8558773221914,979.7849335892769,648.8558773221914,99110.28986254297,False
265,Declaration REJECTED by MISSING,task 427,organizational unit 65455,STAFF MEMBER,missing,3984.75,3764.7115384615386,3838.1153846153848,119.36538461538461,369.96153846153845,3836.480769230769,3768.480769230769,100.73076923076923,911.3355518251794,911.3355518251794,911.3355518251794,1410.7900017130046,911.3355518251794,129756.18429487181,False
266,Declaration REJECTED by MISSING,task 427,organizational unit 65458,STAFF MEMBER,missing,3614.521739130435,3444.8695652173915,3521.8695652173915,131.2173913043478,478.7826086956522,3513.5652173913045,3445.5652173913045,102.21739130434783,1139.8133054181676,1139.8133054181676,1139.8133054181676,1900.2835910475897,1139.8133054181676,152739.1463768116,False
267,Permit REJECTED by PRE_APPROVER,task 427,organizational unit 65458,STAFF MEMBER,PRE_APPROVER,3590.4285714285716,3425.8571428571427,3502.8571428571427,136.0,336.42857142857144,3494.1428571428573,3426.1428571428573,85.71428571428571,1125.5053107206643,1125.5053107206643,1125.5053107206643,1356.5408741010488,1125.5053107206643,137307.5333333333,False
268,Declaration APPROVED by PRE_APPROVER,task 427,organizational unit 65455,STAFF MEMBER,PRE_APPROVER,4241.9,1.0,0.0,111.4,252.16666666666666,0.0,0.0,113.06666666666666,477.5693481162333,477.5693481162333,477.5693481162333,1095.5434801364722,477.56934811623324,109792.82777777778,False
269,Declaration REJECTED by PRE_APPROVER,task 427,organizational unit 65455,STAFF MEMBER,PRE_APPROVER,3608.866666666667,3440.0,3517.0,100.66666666666667,352.3333333333333,3508.6,3440.6,138.13333333333333,598.1784064389018,598.1784064389018,598.1784064389018,1028.1818091071832,598.1784064389018,98510.57333333333,False
270,Permit APPROVED by PRE_APPROVER,task 427,organizational unit 65455,STAFF MEMBER,PRE_APPROVER,4241.636363636364,0.9545454545454546,0.0,94.81818181818181,246.77272727272728,0.0,0.0,115.54545454545455,312.2509826214571,312.2509826214571,312.2509826214571,939.7036300869662,312.2509826214571,111707.31363636366,False
271,Permit REJECTED by MISSING,task 427,organizational unit 65455,STAFF MEMBER,missing,3603.75,3435.75,3512.75,154.0,525.0,3504.25,3436.25,136.75,385.1022539094664,385.1022539094664,385.1022539094664,2195.4833969451192,385.1022539094664,253728.18749999997,False
272,Permit APPROVED by PRE_APPROVER,task 427,organizational unit 65455,STAFF MEMBER,PRE_APPROVER,4067.0,0.0,223.44444444444446,124.22222222222223,214.55555555555554,3811.3333333333335,3743.3333333333335,103.66666666666667,383.16499581225366,383.16499581225366,383.16499581225366,1556.9779878657596,383.16499581225366,146840.05925925926,False
273,Declaration APPROVED by PRE_APPROVER,task 427,organizational unit 65455,STAFF MEMBER,PRE_APPROVER,4045.25,0.0,224.0,120.0,241.375,3797.625,3729.625,108.375,431.0606202887853,431.0606202887853,431.0606202887853,1568.322057891201,431.0606202887853,149025.9875,False
274,Permit REJECTED by MISSING,missing,organizational unit 65455,STAFF MEMBER,missing,4120.846153846154,0.0,224.23076923076923,121.07692307692308,148.53846153846155,3813.3846153846152,3745.3846153846152,100.38461538461539,273.4637516175007,273.4637516175007,273.4637516175007,1215.223539695662,273.4637516175007,139018.6358974359,False
275,Declaration REJECTED by DIRECTOR,missing,organizational unit 65458,STAFF MEMBER,DIRECTOR,3636.5,3460.5,3537.5,103.0,328.5,3529.5,3461.5,61.5,4698.955187525557,4698.955187525557,4698.955187525557,4537.19005324335,4698.9551875255565,178786.88333333333,False
276,Permit REJECTED by MISSING,missing,organizational unit 65458,STAFF MEMBER,missing,4241.25,0.0,0.0,130.25,24.75,0.0,0.0,99.0,106.70092836924296,106.70092836924296,106.70092836924296,812.065095208748,106.70092836924296,119483.42499999999,False
277,Permit APPROVED by PRE_APPROVER,task 427,organizational unit 65455,STAFF MEMBER,PRE_APPROVER,3668.0,3491.0,238.0,26.0,103.0,3560.0,3492.0,203.0,111.96642697908067,111.96642697908067,111.96642697908067,784.0566508155092,111.96642697908067,84928.26666666666,False
278,Declaration APPROVED by PRE_APPROVER,task 427,organizational unit 65455,STAFF MEMBER,PRE_APPROVER,3668.0,3491.0,238.0,26.0,103.0,3560.0,3492.0,203.0,111.96642697908067,111.96642697908067,111.96642697908067,784.0566508155092,111.96642697908067,84928.26666666666,False
279,Permit REJECTED by SUPERVISOR,task 427,organizational unit 65458,STAFF MEMBER,SUPERVISOR,4007.076923076923,3812.846153846154,3890.4615384615386,111.46153846153847,396.3076923076923,3885.0,3817.0,155.15384615384616,813.168613263826,813.168613263826,813.168613263826,1362.2994870131383,813.168613263826,125334.28333333334,False
280,Permit REJECTED by EMPLOYEE,task 427,organizational unit 65455,STAFF MEMBER,EMPLOYEE,3985.5454545454545,3799.2727272727275,3876.6666666666665,130.84848484848484,411.6060606060606,3871.2727272727275,3803.2727272727275,154.45454545454547,886.468530660409,886.468530660409,886.468530660409,1351.451342953399,886.468530660409,138806.03989898993,False
281,Permit APPROVED by SUPERVISOR,task 427,organizational unit 65458,STAFF MEMBER,SUPERVISOR,3954.3956043956046,3755.879120879121,3833.3076923076924,126.31868131868131,346.97802197802196,3827.3956043956046,3759.3956043956046,163.5164835164835,2098.0373743361106,2098.0373743361106,2098.0373743361106,3187.5012675359358,2098.03737433611,150150.41007326008,False
282,Permit FINAL_APPROVED by DIRECTOR,task 427,organizational unit 65458,STAFF MEMBER,DIRECTOR,3954.3956043956046,3755.879120879121,3833.3076923076924,126.31868131868131,346.97802197802196,3827.3956043956046,3759.3956043956046,163.5164835164835,2098.0373743361106,2098.0373743361106,2098.0373743361106,3187.5012675359358,2098.03737433611,150150.41007326008,False
283,Declaration APPROVED by SUPERVISOR,task 427,organizational unit 65458,STAFF MEMBER,SUPERVISOR,3921.9137931034484,3741.655172413793,3819.1206896551726,118.03448275862068,384.05172413793105,3813.103448275862,3745.103448275862,123.91379310344827,2695.8973207951203,2695.8973207951203,2695.8973207951203,3224.0814521426287,2695.8973207951194,145014.45747126432,False
284,Declaration FINAL_APPROVED by DIRECTOR,task 427,organizational unit 65458,STAFF MEMBER,DIRECTOR,3921.9137931034484,3741.655172413793,3819.1206896551726,118.03448275862068,384.05172413793105,3813.103448275862,3745.103448275862,123.91379310344827,2695.8973207951203,2695.8973207951203,2695.8973207951203,3224.0814521426287,2695.8973207951194,145014.45747126432,False
285,Declaration REJECTED by SUPERVISOR,task 427,organizational unit 65458,STAFF MEMBER,SUPERVISOR,3998.904761904762,3791.3809523809523,3868.7619047619046,119.0952380952381,351.1904761904762,3862.8571428571427,3794.8571428571427,232.04761904761904,869.5367461155815,869.5367461155815,869.5367461155815,1281.3257170522174,869.5367461155815,138995.29523809522,False
286,Permit REJECTED by PRE_APPROVER,task 427,organizational unit 65455,STAFF MEMBER,PRE_APPROVER,3892.9333333333334,3713.0,3790.3333333333335,139.66666666666666,411.73333333333335,3784.2,3716.2,102.2,942.028387480127,942.028387480127,942.028387480127,1488.8396374305312,942.028387480127,157362.63222222222,False
287,Permit APPROVED by ADMINISTRATION,task 427,organizational unit 65456,STAFF MEMBER,ADMINISTRATION,4094.3382352941176,3905.698529411765,3982.889705882353,120.41911764705883,379.06617647058823,3978.375,3910.375,354.16911764705884,928.4392054234862,928.4392054234862,928.4392054234862,1247.1259715148756,928.4392054234862,125894.21752450979,False
288,Declaration APPROVED by ADMINISTRATION,task 427,organizational unit 65458,STAFF MEMBER,ADMINISTRATION,4048.593137254902,3863.279411764706,3940.5392156862745,124.00490196078431,359.95588235294116,3935.627450980392,3867.627450980392,320.04901960784315,889.3251332812249,889.3251332812249,889.3251332812249,1297.8816510142601,889.3251332812249,138027.67434640523,False
289,Declaration APPROVED by BUDGET OWNER,missing,organizational unit 65458,STAFF MEMBER,BUDGET OWNER,4041.2537313432836,3857.582089552239,3934.820895522388,130.86567164179104,286.2089552238806,3929.910447761194,3861.910447761194,315.85074626865674,917.5676363043592,917.5676363043592,917.5676363043592,1382.8467538885907,917.5676363043592,115081.46069651742,False
290,Declaration REJECTED by MISSING,task 427,organizational unit 65455,STAFF MEMBER,missing,4241.0,0.0,226.33333333333334,86.33333333333333,440.3333333333333,3758.0,3690.0,141.66666666666666,304.69278030751855,304.69278030751855,304.69278030751855,1784.7703411297118,304.69278030751855,175994.92222222223,False
291,Declaration REJECTED by ADMINISTRATION,missing,organizational unit 65458,STAFF MEMBER,ADMINISTRATION,4114.795454545455,3915.5,3992.7045454545455,130.88636363636363,288.3636363636364,3988.4772727272725,3920.4772727272725,344.79545454545456,1448.965598352229,1448.965598352229,1448.965598352229,1925.9763503730128,1448.965598352229,166194.8734848485,False
292,Permit REJECTED by MISSING,task 427,organizational unit 65458,STAFF MEMBER,missing,3980.8,3799.1,3876.7,166.3,439.8,3871.2,3803.2,109.8,955.6087338926405,955.6087338926405,955.6087338926405,2242.1562976486957,955.6087338926405,135165.935,False
293,Declaration REJECTED by MISSING,missing,organizational unit 65455,STAFF MEMBER,missing,4241.0,1.0,0.0,113.0,136.5,0.0,0.0,90.0,312.3382085270077,312.3382085270077,312.3382085270077,941.1065645400781,312.3382085270077,97103.625,False
294,Permit APPROVED by BUDGET OWNER,task 427,organizational unit 65458,STAFF MEMBER,BUDGET OWNER,4087.3488372093025,3902.5581395348836,3979.720930232558,134.51162790697674,359.0,3975.279069767442,3907.279069767442,351.5348837209302,948.0609149964793,948.0609149964793,948.0609149964793,1407.1916728711792,948.0609149964793,120932.23565891472,False
295,Send Reminder,task 427,organizational unit 65458,SYSTEM,UNDEFINED,4031.0,3848.214285714286,3925.3571428571427,103.46428571428571,299.2142857142857,3920.5,3852.5,245.21428571428572,636.1615792794413,636.1615792794413,636.1615792794413,961.8425577271375,636.1615792794413,262607.7291666667,False
296,Declaration APPROVED by SUPERVISOR,task 427,organizational unit 65458,STAFF MEMBER,SUPERVISOR,4242.0,1.0,0.0,196.0,687.0,0.0,0.0,81.0,3025.2808240611203,3025.2808240611203,3025.2808240611203,1186.7465050714095,3025.2808240611203,121289.38333333332,False
297,Declaration FINAL_APPROVED by DIRECTOR,task 427,organizational unit 65458,STAFF MEMBER,DIRECTOR,4242.0,1.0,0.0,196.0,687.0,0.0,0.0,81.0,3025.2808240611203,3025.2808240611203,3025.2808240611203,1186.7465050714095,3025.2808240611203,121289.38333333332,False
298,Declaration REJECTED by PRE_APPROVER,task 427,organizational unit 65455,STAFF MEMBER,PRE_APPROVER,4241.0,0.6666666666666666,0.0,109.33333333333333,111.0,0.0,0.0,96.0,0.0,0.0,0.0,1066.968346942532,0.0,94352.92777777778,False
299,Declaration REJECTED by BUDGET OWNER,task 427,organizational unit 65456,STAFF MEMBER,BUDGET OWNER,4220.5,3891.0,3968.5,143.5,720.5,3964.0,3896.0,237.5,300.582449464713,300.582449464713,300.582449464713,2616.8752769566004,300.582449464713,150521.55833333335,False
300,Declaration SAVED by EMPLOYEE,task 427,organizational unit 65458,STAFF MEMBER,EMPLOYEE,4241.0,3828.0,3905.6666666666665,172.66666666666666,489.0,3900.3333333333335,3832.3333333333335,57.666666666666664,0.0,0.0,0.0,2209.0976870160316,0.0,30575.38333333333,False
301,Declaration REJECTED by PRE_APPROVER,missing,organizational unit 65455,STAFF MEMBER,PRE_APPROVER,4241.0,0.0,219.0,158.0,0.0,3921.0,3853.0,66.0,0.0,0.0,0.0,1466.2254276622282,0.0,129352.63333333332,False
302,Permit REJECTED by BUDGET OWNER,missing,organizational unit 65458,STAFF MEMBER,BUDGET OWNER,4174.0,3989.0,4066.0,147.0,0.0,4063.0,3995.0,214.0,942.5333450519172,942.5333450519172,942.5333450519172,922.7061290734362,942.5333450519172,183363.13333333333,False
303,Permit REJECTED by ADMINISTRATION,task 427,organizational unit 65454,STAFF MEMBER,ADMINISTRATION,4229.666666666667,4045.3333333333335,4122.333333333333,160.0,751.6666666666666,4119.333333333333,4051.3333333333335,373.0,888.9256790193393,888.9256790193393,888.9256790193393,903.3313888955078,888.9256790193393,74695.96111111112,False
