state,last_action_name,OrganizationalEntity,TaskNumber,Overspent,Cost Type_0,Project_0,ProjectNumber,ActivityNumber,travel permit number,BudgetNumber,DeclarationNumber_0,TotalDeclared,RequestedAmount_0,RequestedBudget,OverspentAmount,execution_time_minutes
0,start,organizational unit 65458,task 427,False,,,low,low,low,low,low,low,low,low,medium,low
1,Permit SUBMITTED by EMPLOYEE,organizational unit 65458,task 427,False,,,low,low,low,low,low,low,low,low,medium,low
2,Permit APPROVED by ADMINISTRATION,organizational unit 65458,task 427,False,,,low,low,low,low,low,low,low,low,medium,low
3,Permit APPROVED by BUDGET OWNER,organizational unit 65456,task 427,False,,,low,medium,low,low,low,low,medium,low,medium,low
4,Permit FINAL_APPROVED by SUPERVISOR,organizational unit 65456,task 427,False,,,low,low,low,low,low,low,medium,low,high,low
5,Start trip,organizational unit 65458,task 427,False,,,low,low,low,low,low,low,low,low,medium,low
6,End trip,organizational unit 65458,task 427,False,,,low,low,low,low,low,low,low,low,medium,low
7,Declaration SUBMITTED by EMPLOYEE,organizational unit 65458,task 427,False,,,low,low,low,low,low,medium,low,low,medium,low
8,Declaration APPROVED by ADMINISTRATION,organizational unit 65458,task 427,False,,,low,low,low,low,low,low,low,low,medium,low
9,Declaration APPROVED by BUDGET OWNER,organizational unit 65456,task 427,False,,,low,low,low,low,low,low,medium,low,medium,low
10,Declaration FINAL_APPROVED by SUPERVISOR,organizational unit 65456,task 427,False,,,low,low,low,low,low,low,medium,low,medium,low
11,Request Payment,organizational unit 65456,task 427,False,,,low,low,low,low,low,low,low,low,medium,low
12,Payment Handled,organizational unit 65456,task 427,False,,,low,low,low,low,low,low,low,low,medium,low
13,archive_application,organizational unit 65458,task 427,False,,,low,low,low,low,low,low,low,low,medium,low
14,start,organizational unit 65458,,False,,,low,medium,low,medium,medium,low,low,low,low,high
15,Permit SUBMITTED by EMPLOYEE,organizational unit 65458,task 427,False,,,low,medium,low,medium,medium,low,low,low,low,high
16,Permit APPROVED by ADMINISTRATION,organizational unit 65458,,False,,,low,low,low,low,medium,low,low,low,low,high
17,Request For Payment SUBMITTED by EMPLOYEE,organizational unit 65456,task 427,False,0.0,project 503,medium,medium,low,low,medium,high,high,high,low,high
18,Request For Payment APPROVED by ADMINISTRATION,organizational unit 65456,task 427,False,0.0,project 503,medium,medium,low,low,medium,high,medium,high,low,high
19,Permit APPROVED by BUDGET OWNER,organizational unit 65458,,False,,,low,medium,low,low,medium,low,low,low,low,high
20,Permit FINAL_APPROVED by SUPERVISOR,organizational unit 65458,,False,,,medium,medium,low,medium,medium,low,low,low,low,high
21,Request For Payment APPROVED by BUDGET OWNER,organizational unit 65457,task 427,False,0.0,project 503,low,low,low,low,medium,medium,medium,high,low,medium
22,Request For Payment FINAL_APPROVED by SUPERVISOR,organizational unit 65456,task 427,False,0.0,project 503,medium,medium,low,low,medium,high,high,high,low,high
23,Request Payment,organizational unit 65458,task 427,False,,,medium,high,low,medium,medium,medium,medium,medium,low,medium
24,Payment Handled,organizational unit 65458,task 427,False,,,medium,high,low,medium,medium,medium,medium,medium,low,medium
25,Start trip,organizational unit 65458,,False,,,low,medium,low,medium,medium,low,low,low,low,high
26,End trip,organizational unit 65458,,False,,,low,medium,low,medium,medium,low,low,low,low,high
27,Send Reminder,organizational unit 65458,,False,,,low,medium,low,medium,medium,low,low,low,low,high
28,Declaration SUBMITTED by EMPLOYEE,organizational unit 65458,task 427,False,,,medium,high,low,high,medium,medium,medium,medium,medium,low
29,Declaration APPROVED by ADMINISTRATION,organizational unit 65456,task 427,False,0.0,project 503,medium,medium,low,medium,medium,medium,medium,medium,medium,medium
30,Declaration APPROVED by BUDGET OWNER,organizational unit 65456,task 427,False,0.0,project 503,low,low,low,low,medium,medium,medium,medium,medium,medium
31,Declaration FINAL_APPROVED by SUPERVISOR,organizational unit 65458,task 427,False,,,medium,high,low,high,medium,medium,medium,medium,low,low
32,archive_application,organizational unit 65458,,False,,,low,medium,low,medium,medium,low,low,low,low,high
33,Declaration REJECTED by ADMINISTRATION,organizational unit 65458,,False,,,low,low,low,low,low,medium,low,low,high,medium
34,Declaration REJECTED by EMPLOYEE,organizational unit 65458,,False,,,low,low,low,low,low,medium,medium,low,high,medium
35,Declaration REJECTED by ADMINISTRATION,organizational unit 65456,task 427,False,0.0,project 503,low,medium,low,medium,medium,medium,medium,medium,high,medium
36,Declaration REJECTED by EMPLOYEE,organizational unit 65456,task 427,False,0.0,project 503,low,medium,low,medium,medium,medium,medium,medium,medium,medium
37,Permit SAVED by EMPLOYEE,organizational unit 65458,,False,,,medium,high,low,medium,medium,low,low,medium,low,high
38,Permit APPROVED by SUPERVISOR,organizational unit 65458,task 427,False,,,low,low,low,medium,low,high,low,high,low,medium
39,Permit FINAL_APPROVED by DIRECTOR,organizational unit 65458,task 427,False,,,low,low,low,medium,low,high,low,high,low,medium
40,Permit REJECTED by SUPERVISOR,organizational unit 65466,task 427,False,,,low,high,low,low,low,low,medium,low,medium,high
41,Permit REJECTED by EMPLOYEE,organizational unit 65466,task 427,False,,,low,low,low,low,low,low,low,low,high,high
42,Permit REJECTED by BUDGET OWNER,organizational unit 65480,task 427,False,,,low,high,low,high,low,low,low,low,low,low
43,Request For Payment SAVED by EMPLOYEE,organizational unit 65454,,True,0.0,project 503,low,high,low,medium,medium,high,high,medium,high,low
44,Send Reminder,organizational unit 65458,task 427,False,,,low,low,low,low,low,low,low,low,low,high
45,Declaration REJECTED by SUPERVISOR,organizational unit 65458,task 427,False,,,medium,high,low,low,low,medium,medium,medium,low,low
46,Declaration REJECTED by BUDGET OWNER,organizational unit 65460,,False,,,low,high,low,low,low,medium,low,medium,low,medium
47,Permit REJECTED by SUPERVISOR,organizational unit 65458,,False,,,low,low,low,high,medium,low,low,low,low,low
48,Permit REJECTED by EMPLOYEE,organizational unit 65458,,False,,,low,low,low,medium,medium,low,low,medium,low,medium
49,Permit REJECTED by ADMINISTRATION,organizational unit 65456,,False,,,low,low,low,low,medium,low,low,medium,low,medium
50,Permit REJECTED by ADMINISTRATION,organizational unit 65466,task 427,False,,,low,low,low,low,low,medium,low,low,high,high
51,Declaration SAVED by EMPLOYEE,organizational unit 65458,,False,,,low,medium,low,high,high,low,low,low,low,medium
52,Declaration APPROVED by SUPERVISOR,organizational unit 65458,task 427,False,,,low,medium,low,high,low,high,low,high,low,low
53,Declaration FINAL_APPROVED by DIRECTOR,organizational unit 65458,task 427,False,,,low,medium,low,high,low,high,low,high,low,low
54,Permit APPROVED by SUPERVISOR,organizational unit 65458,task 427,False,,,low,medium,low,high,high,low,low,high,low,high
55,Permit FINAL_APPROVED by DIRECTOR,organizational unit 65458,task 427,False,,,low,medium,low,high,high,low,low,high,low,high
56,Request For Payment REJECTED by ADMINISTRATION,organizational unit 65456,task 427,False,0.0,project 503,medium,high,low,low,medium,high,high,high,low,medium
57,Request For Payment REJECTED by EMPLOYEE,organizational unit 65456,task 427,False,0.0,project 503,medium,high,low,low,medium,high,high,high,low,medium
58,Permit REJECTED by BUDGET OWNER,organizational unit 65458,,False,,,low,low,low,high,medium,low,low,medium,low,high
59,Declaration APPROVED by SUPERVISOR,organizational unit 65458,task 427,True,0.0,project 503,high,high,low,high,high,high,high,high,high,medium
60,Declaration FINAL_APPROVED by DIRECTOR,organizational unit 65458,task 427,True,0.0,project 503,high,high,low,high,high,high,high,high,high,medium
61,Permit FOR_APPROVAL by SUPERVISOR,organizational unit 65457,task 427,False,,,high,high,low,low,medium,low,low,low,low,high
62,Declaration REJECTED by BUDGET OWNER,organizational unit 65456,task 427,False,0.0,project 503,low,high,low,low,medium,low,medium,low,high,low
63,Declaration REJECTED by SUPERVISOR,organizational unit 65457,,False,0.0,project 503,low,low,low,low,high,medium,medium,medium,low,high
64,Declaration SAVED by EMPLOYEE,organizational unit 65459,task 427,False,,,low,high,low,high,low,medium,low,high,low,low
65,Request For Payment APPROVED by SUPERVISOR,organizational unit 65464,task 427,False,0.0,project 503,high,high,low,low,medium,high,high,high,low,high
66,Request For Payment FINAL_APPROVED by DIRECTOR,organizational unit 65464,task 427,False,0.0,project 503,high,high,low,low,medium,high,high,high,low,high
67,Request For Payment REJECTED by SUPERVISOR,organizational unit 65464,task 427,False,0.0,project 503,medium,high,low,high,medium,medium,medium,high,low,medium
68,start,organizational unit 65456,task 427,False,0.0,project 503,medium,low,medium,medium,medium,medium,high,medium,medium,high
69,Permit SUBMITTED by EMPLOYEE,organizational unit 65456,task 427,False,0.0,project 503,low,low,medium,medium,medium,medium,high,high,low,high
70,Permit APPROVED by ADMINISTRATION,organizational unit 65456,task 427,False,0.0,project 503,low,low,medium,medium,medium,medium,high,high,low,high
71,Request For Payment SUBMITTED by EMPLOYEE,organizational unit 65456,task 427,False,0.0,project 503,low,low,medium,medium,medium,high,high,high,high,high
72,Request For Payment APPROVED by ADMINISTRATION,organizational unit 65456,task 427,False,0.0,project 503,low,low,low,medium,medium,high,high,high,high,high
73,Permit FINAL_APPROVED by SUPERVISOR,organizational unit 65456,task 427,False,0.0,project 503,medium,low,medium,medium,medium,medium,medium,medium,high,high
74,Request For Payment FINAL_APPROVED by SUPERVISOR,organizational unit 65456,task 427,False,0.0,project 503,low,low,medium,medium,medium,high,high,high,high,high
75,Request Payment,organizational unit 65456,task 427,False,0.0,project 503,low,low,medium,medium,medium,high,high,high,high,high
76,Payment Handled,organizational unit 65456,task 427,False,0.0,project 503,low,low,medium,medium,medium,high,high,high,high,high
77,Start trip,organizational unit 65456,task 427,False,0.0,project 503,medium,low,medium,medium,medium,medium,high,medium,medium,high
78,End trip,organizational unit 65456,task 427,False,0.0,project 503,medium,low,medium,medium,medium,medium,high,medium,medium,high
79,Declaration SUBMITTED by EMPLOYEE,organizational unit 65456,task 427,True,0.0,project 503,low,low,medium,medium,medium,medium,high,high,high,medium
80,Declaration APPROVED by ADMINISTRATION,organizational unit 65456,task 427,True,0.0,project 503,low,low,medium,medium,medium,medium,high,high,high,high
81,Declaration FINAL_APPROVED by SUPERVISOR,organizational unit 65456,task 427,True,0.0,project 503,low,low,medium,medium,medium,medium,high,high,high,high
82,archive_application,organizational unit 65456,task 427,False,0.0,project 503,medium,low,medium,medium,medium,medium,high,medium,medium,high
83,Permit APPROVED by SUPERVISOR,organizational unit 65459,task 427,False,0.0,project 503,low,low,low,high,medium,high,high,high,low,high
84,Permit FINAL_APPROVED by DIRECTOR,organizational unit 65459,task 427,False,0.0,project 503,low,low,low,high,medium,high,high,high,low,high
85,Permit APPROVED by BUDGET OWNER,organizational unit 65456,task 427,False,0.0,project 503,low,low,medium,medium,medium,medium,high,high,high,high
86,Request For Payment APPROVED by BUDGET OWNER,organizational unit 65456,task 427,True,0.0,project 503,low,low,low,low,medium,high,high,high,high,high
87,Declaration REJECTED by ADMINISTRATION,organizational unit 65456,task 427,True,0.0,project 503,low,low,low,medium,medium,high,high,high,high,medium
88,Declaration REJECTED by EMPLOYEE,organizational unit 65456,task 427,True,0.0,project 503,low,low,low,medium,medium,high,high,high,medium,medium
89,Declaration APPROVED by BUDGET OWNER,organizational unit 65456,task 427,True,0.0,project 503,low,low,medium,medium,medium,high,high,high,high,high
90,Request For Payment REJECTED by ADMINISTRATION,organizational unit 65456,task 427,True,0.0,project 503,low,low,medium,medium,medium,high,high,high,medium,high
91,Request For Payment REJECTED by EMPLOYEE,organizational unit 65456,task 427,False,0.0,project 503,low,low,medium,medium,medium,high,high,high,medium,high
92,start,organizational unit 65456,task 427,False,,,medium,low,low,medium,low,low,medium,low,medium,low
93,Permit SUBMITTED by EMPLOYEE,organizational unit 65456,task 427,False,,,medium,low,low,medium,low,low,medium,low,medium,low
94,Permit APPROVED by ADMINISTRATION,organizational unit 65456,task 427,False,,,medium,low,low,medium,low,low,medium,low,medium,low
95,Permit FINAL_APPROVED by SUPERVISOR,organizational unit 65456,task 427,False,,,medium,medium,low,medium,low,low,medium,low,medium,low
96,Start trip,organizational unit 65456,task 427,False,,,medium,low,low,medium,low,low,medium,low,medium,low
97,End trip,organizational unit 65456,task 427,False,,,medium,low,low,medium,low,low,medium,low,medium,low
98,Declaration SUBMITTED by EMPLOYEE,organizational unit 65456,task 427,False,,,low,low,low,medium,low,low,medium,medium,medium,low
99,Declaration APPROVED by ADMINISTRATION,organizational unit 65456,task 427,False,,,medium,low,low,medium,low,low,medium,low,medium,low
100,Declaration FINAL_APPROVED by SUPERVISOR,organizational unit 65456,task 427,False,,,low,low,low,medium,low,low,medium,low,medium,low
101,Request Payment,organizational unit 65456,task 427,False,,,medium,low,low,medium,low,low,medium,low,medium,low
102,Payment Handled,organizational unit 65456,task 427,False,,,medium,low,low,medium,low,low,medium,low,medium,low
103,archive_application,organizational unit 65456,task 427,False,,,medium,low,low,medium,low,low,medium,low,medium,low
104,Permit APPROVED by BUDGET OWNER,organizational unit 65456,task 427,False,,,medium,low,low,low,low,low,medium,medium,low,low
105,Declaration APPROVED by BUDGET OWNER,organizational unit 65456,task 427,False,,,low,low,low,low,low,low,medium,medium,low,medium
106,Permit APPROVED by SUPERVISOR,organizational unit 65458,task 427,False,,,medium,low,low,high,low,high,low,high,low,medium
107,Permit FINAL_APPROVED by DIRECTOR,organizational unit 65458,task 427,False,,,medium,low,low,high,low,high,low,high,low,medium
108,Declaration REJECTED by ADMINISTRATION,organizational unit 65456,task 427,False,,,low,low,low,low,low,medium,medium,medium,medium,medium
109,Declaration REJECTED by EMPLOYEE,organizational unit 65456,task 427,False,,,low,low,low,low,low,medium,medium,medium,medium,medium
110,Permit REJECTED by SUPERVISOR,organizational unit 65456,,False,0.0,project 503,medium,low,low,low,medium,high,high,high,low,high
111,Permit REJECTED by EMPLOYEE,organizational unit 65458,,False,0.0,project 503,low,low,medium,medium,medium,medium,high,high,low,high
112,Request For Payment APPROVED by SUPERVISOR,organizational unit 65458,,True,0.0,project 503,low,high,low,high,medium,high,high,high,low,high
113,Request For Payment FINAL_APPROVED by DIRECTOR,organizational unit 65458,,True,0.0,project 503,low,high,low,high,medium,high,high,high,low,high
114,Declaration REJECTED by BUDGET OWNER,organizational unit 65456,,False,0.0,project 503,low,high,low,low,medium,high,high,high,low,medium
115,Send Reminder,organizational unit 65458,,False,,,low,low,low,low,low,low,low,low,medium,high
116,Send Reminder,organizational unit 65454,task 427,False,0.0,project 503,medium,low,medium,medium,medium,medium,medium,medium,low,high
117,Declaration REJECTED by SUPERVISOR,organizational unit 65454,,False,0.0,project 503,low,high,low,high,medium,medium,medium,medium,high,high
118,Declaration SAVED by EMPLOYEE,organizational unit 65455,,False,,,low,high,low,low,low,low,low,low,medium,low
119,Declaration APPROVED by SUPERVISOR,organizational unit 65458,task 427,False,,,high,low,low,high,low,high,low,high,high,medium
120,Declaration FINAL_APPROVED by DIRECTOR,organizational unit 65458,task 427,False,,,high,low,low,high,low,high,low,high,high,medium
121,Declaration REJECTED by BUDGET OWNER,organizational unit 65466,,False,,,low,high,low,low,low,medium,medium,medium,low,medium
122,Permit REJECTED by SUPERVISOR,organizational unit 65456,,False,,,low,low,low,medium,low,low,low,medium,medium,medium
123,Permit REJECTED by EMPLOYEE,organizational unit 65454,,False,,,low,low,low,medium,low,low,low,low,high,low
124,Request For Payment SAVED by EMPLOYEE,organizational unit 65464,,False,0.0,project 503,low,high,low,high,medium,high,medium,medium,low,medium
125,Declaration REJECTED by SUPERVISOR,organizational unit 65455,task 427,False,,,medium,high,low,high,low,low,medium,low,low,low
126,Permit REJECTED by BUDGET OWNER,organizational unit 65454,,False,,,medium,low,low,low,low,low,low,low,high,low
127,Declaration APPROVED by SUPERVISOR,organizational unit 65458,task 427,False,0.0,project 503,high,high,low,high,medium,high,high,high,low,high
128,Declaration REJECTED by DIRECTOR,organizational unit 65458,task 427,False,0.0,project 503,high,high,low,high,medium,high,high,high,low,high
129,Request For Payment REJECTED by SUPERVISOR,organizational unit 65454,,False,0.0,project 503,low,low,low,low,medium,high,high,high,low,medium
130,Permit REJECTED by ADMINISTRATION,organizational unit 65457,task 427,False,0.0,project 503,medium,high,medium,high,medium,medium,high,medium,high,high
131,Declaration SAVED by EMPLOYEE,organizational unit 65454,,False,0.0,,low,high,medium,high,medium,medium,medium,low,medium,low
132,Permit REJECTED by ADMINISTRATION,organizational unit 65454,,True,,,low,high,low,low,low,medium,medium,low,high,low
133,Declaration FINAL_APPROVED by DIRECTOR,organizational unit 65456,task 427,False,0.0,project 503,high,high,medium,high,medium,high,high,high,low,medium
134,Request For Payment REJECTED by BUDGET OWNER,organizational unit 65454,task 427,False,0.0,project 503,high,high,medium,high,medium,medium,medium,low,low,low
135,Permit REJECTED by BUDGET OWNER,organizational unit 65458,,False,0.0,project 503,low,low,medium,low,medium,medium,high,medium,high,high
136,start,organizational unit 65458,task 427,False,,,medium,medium,medium,low,low,low,medium,low,medium,low
137,Permit SUBMITTED by EMPLOYEE,organizational unit 65458,task 427,False,,,medium,medium,medium,low,low,low,medium,low,medium,low
138,Permit APPROVED by ADMINISTRATION,organizational unit 65458,task 427,False,,,medium,low,medium,low,low,low,medium,low,medium,low
139,Permit REJECTED by SUPERVISOR,organizational unit 65456,task 427,False,,,high,high,medium,high,low,medium,medium,medium,medium,medium
140,Permit REJECTED by EMPLOYEE,organizational unit 65456,,False,,,low,low,medium,high,low,medium,medium,medium,low,low
141,Permit FINAL_APPROVED by SUPERVISOR,organizational unit 65458,task 427,False,,,medium,low,medium,low,low,low,medium,low,medium,low
142,Start trip,organizational unit 65458,task 427,False,,,medium,medium,medium,low,low,low,medium,low,medium,low
143,End trip,organizational unit 65458,task 427,False,,,medium,medium,medium,low,low,low,medium,low,medium,low
144,Declaration SUBMITTED by EMPLOYEE,organizational unit 65458,task 427,False,,,medium,low,medium,low,low,medium,medium,medium,medium,low
145,Declaration APPROVED by ADMINISTRATION,organizational unit 65458,task 427,False,,,medium,low,medium,low,low,medium,medium,medium,medium,low
146,Declaration FINAL_APPROVED by SUPERVISOR,organizational unit 65458,task 427,False,,,medium,low,medium,low,low,low,medium,low,medium,low
147,Request Payment,organizational unit 65458,task 427,False,,,medium,low,medium,low,low,low,medium,low,medium,low
148,Payment Handled,organizational unit 65458,task 427,False,,,medium,medium,medium,low,low,low,medium,low,medium,low
149,archive_application,organizational unit 65458,task 427,False,,,medium,medium,medium,low,low,low,medium,low,medium,low
150,Permit APPROVED by BUDGET OWNER,organizational unit 65458,task 427,False,,,medium,medium,medium,low,low,medium,medium,medium,medium,low
151,Declaration APPROVED by BUDGET OWNER,organizational unit 65458,task 427,False,,,medium,medium,medium,low,low,medium,medium,medium,low,low
152,Declaration REJECTED by ADMINISTRATION,organizational unit 65458,task 427,False,,,low,low,medium,low,low,medium,medium,medium,medium,medium
153,Declaration REJECTED by EMPLOYEE,organizational unit 65458,task 427,False,,,low,low,medium,low,low,medium,medium,medium,medium,medium
154,Permit APPROVED by SUPERVISOR,organizational unit 65458,,False,,,medium,medium,medium,medium,low,high,low,high,low,medium
155,Permit FINAL_APPROVED by DIRECTOR,organizational unit 65458,,False,,,medium,medium,medium,medium,low,high,low,high,low,medium
156,Send Reminder,organizational unit 65458,,False,,,medium,medium,medium,low,low,low,low,low,low,high
157,Declaration REJECTED by SUPERVISOR,organizational unit 65456,task 427,False,,,medium,medium,medium,medium,low,medium,medium,medium,medium,low
158,Declaration APPROVED by SUPERVISOR,organizational unit 65458,,False,,,medium,high,medium,high,low,high,low,high,medium,medium
159,Declaration FINAL_APPROVED by DIRECTOR,organizational unit 65458,,False,,,medium,high,medium,high,low,high,low,high,medium,medium
160,Permit REJECTED by ADMINISTRATION,organizational unit 65454,,False,,,low,high,medium,high,low,low,medium,low,low,low
161,Declaration REJECTED by BUDGET OWNER,organizational unit 65458,,False,,,low,low,medium,medium,low,medium,low,high,low,high
162,Permit REJECTED by BUDGET OWNER,organizational unit 65458,,False,,,low,low,medium,low,low,medium,medium,high,low,low
163,Permit REJECTED by DIRECTOR,organizational unit 65464,task 427,False,,,low,high,low,low,medium,low,low,high,low,low
164,Permit REJECTED by MISSING,organizational unit 65455,,False,,,low,high,low,high,medium,low,low,low,low,medium
165,Permit FOR_APPROVAL by ADMINISTRATION,organizational unit 65461,,False,,,low,high,low,high,medium,low,low,low,high,high
166,start,organizational unit 65456,task 427,False,0.0,project 503,high,medium,medium,low,medium,high,high,medium,high,medium
167,Permit SUBMITTED by EMPLOYEE,organizational unit 65456,task 427,False,0.0,project 503,high,medium,medium,low,medium,high,high,medium,high,medium
168,Permit APPROVED by ADMINISTRATION,organizational unit 65456,task 427,False,0.0,project 503,high,medium,medium,low,medium,high,high,medium,high,medium
169,Permit FINAL_APPROVED by SUPERVISOR,organizational unit 65456,task 427,False,0.0,project 503,high,medium,medium,low,medium,high,high,medium,high,medium
170,Request For Payment SUBMITTED by EMPLOYEE,organizational unit 65456,task 427,False,0.0,project 503,high,medium,medium,low,medium,high,high,medium,high,medium
171,Request For Payment APPROVED by ADMINISTRATION,organizational unit 65456,task 427,False,0.0,project 503,high,medium,medium,low,medium,high,high,high,high,medium
172,Request For Payment FINAL_APPROVED by SUPERVISOR,organizational unit 65456,task 427,False,0.0,project 503,high,medium,medium,medium,medium,high,high,medium,high,medium
173,Request Payment,organizational unit 65456,task 427,False,0.0,project 503,high,medium,medium,medium,medium,high,high,medium,high,medium
174,Payment Handled,organizational unit 65456,task 427,False,0.0,project 503,high,medium,medium,medium,medium,high,high,medium,high,medium
175,Start trip,organizational unit 65456,task 427,False,0.0,project 503,high,medium,medium,low,medium,high,high,medium,high,medium
176,End trip,organizational unit 65456,task 427,False,0.0,project 503,high,medium,medium,low,medium,high,high,medium,high,medium
177,Send Reminder,organizational unit 65456,task 427,False,0.0,project 503,medium,medium,medium,low,medium,high,high,medium,high,high
178,Declaration SUBMITTED by EMPLOYEE,organizational unit 65456,task 427,False,0.0,project 503,high,medium,medium,medium,medium,medium,high,medium,medium,medium
179,Declaration APPROVED by ADMINISTRATION,organizational unit 65456,task 427,False,0.0,project 503,high,medium,medium,medium,medium,medium,high,medium,medium,medium
180,Declaration FINAL_APPROVED by SUPERVISOR,organizational unit 65456,task 427,False,0.0,project 503,high,medium,medium,medium,medium,medium,high,medium,medium,medium
181,archive_application,organizational unit 65456,task 427,False,0.0,project 503,high,medium,medium,low,medium,high,high,medium,high,medium
182,Permit APPROVED by BUDGET OWNER,organizational unit 65456,task 427,False,0.0,project 503,high,low,medium,low,medium,high,high,medium,high,medium
183,Request For Payment APPROVED by BUDGET OWNER,organizational unit 65456,task 427,False,0.0,project 503,high,low,medium,low,medium,high,high,medium,high,medium
184,Declaration APPROVED by BUDGET OWNER,organizational unit 65456,task 427,False,0.0,project 503,high,low,medium,low,medium,medium,medium,medium,high,medium
185,Declaration REJECTED by ADMINISTRATION,organizational unit 65456,task 427,False,0.0,project 503,high,medium,medium,low,medium,medium,high,medium,low,medium
186,Declaration REJECTED by EMPLOYEE,organizational unit 65456,task 427,False,0.0,project 503,high,medium,medium,medium,medium,medium,high,medium,low,medium
187,Request For Payment REJECTED by ADMINISTRATION,organizational unit 65456,task 427,False,0.0,project 503,medium,low,medium,low,medium,high,high,medium,high,medium
188,Request For Payment REJECTED by EMPLOYEE,organizational unit 65456,task 427,False,0.0,project 503,medium,low,medium,low,medium,high,high,medium,high,medium
189,Declaration SAVED by EMPLOYEE,organizational unit 65454,,False,,,low,low,medium,low,low,low,medium,low,medium,low
190,Permit APPROVED by SUPERVISOR,organizational unit 65458,task 427,False,0.0,project 503,medium,medium,medium,high,medium,high,high,high,low,high
191,Permit FINAL_APPROVED by DIRECTOR,organizational unit 65458,task 427,False,0.0,project 503,medium,medium,medium,high,medium,high,high,high,low,high
192,Request For Payment APPROVED by SUPERVISOR,organizational unit 65459,,False,0.0,project 503,low,low,medium,low,medium,high,high,high,low,high
193,Request For Payment FINAL_APPROVED by DIRECTOR,organizational unit 65459,,False,0.0,project 503,low,low,medium,low,medium,high,high,high,low,high
194,Declaration APPROVED by SUPERVISOR,organizational unit 65459,,True,0.0,project 503,low,high,medium,low,medium,high,high,high,high,medium
195,Declaration FINAL_APPROVED by DIRECTOR,organizational unit 65459,,True,0.0,project 503,low,high,medium,low,medium,high,high,high,high,medium
196,Permit REJECTED by SUPERVISOR,organizational unit 65456,task 427,False,0.0,project 503,high,high,medium,low,medium,low,medium,low,high,medium
197,Permit REJECTED by EMPLOYEE,organizational unit 65456,task 427,False,0.0,project 503,medium,low,medium,medium,medium,medium,medium,medium,medium,high
198,Permit REJECTED by BUDGET OWNER,organizational unit 65464,,False,0.0,project 503,low,low,medium,high,medium,low,low,low,low,high
199,Permit REJECTED by ADMINISTRATION,organizational unit 65454,task 427,False,0.0,project 503,high,low,medium,low,medium,medium,high,medium,medium,high
200,Request For Payment REJECTED by BUDGET OWNER,organizational unit 65464,task 427,False,0.0,project 503,low,high,medium,low,medium,high,high,medium,high,high
201,start,organizational unit 65456,task 427,False,,,medium,medium,medium,medium,low,low,medium,low,medium,low
202,Permit SUBMITTED by EMPLOYEE,organizational unit 65456,task 427,False,,,medium,medium,medium,medium,low,low,medium,low,medium,low
203,Permit APPROVED by ADMINISTRATION,organizational unit 65456,task 427,False,,,medium,medium,medium,medium,low,low,medium,low,medium,low
204,Permit FINAL_APPROVED by SUPERVISOR,organizational unit 65456,task 427,False,,,medium,medium,medium,medium,low,low,medium,low,medium,low
205,Start trip,organizational unit 65456,task 427,False,,,medium,medium,medium,medium,low,low,medium,low,medium,low
206,End trip,organizational unit 65456,task 427,False,,,medium,medium,medium,medium,low,low,medium,low,medium,low
207,Declaration SUBMITTED by EMPLOYEE,organizational unit 65456,task 427,False,,,medium,medium,medium,medium,low,low,medium,low,medium,low
208,Declaration REJECTED by ADMINISTRATION,organizational unit 65454,task 427,False,,,medium,medium,medium,low,low,medium,medium,medium,medium,low
209,Declaration REJECTED by EMPLOYEE,organizational unit 65456,task 427,False,,,medium,medium,medium,low,low,medium,medium,medium,medium,low
210,Declaration APPROVED by ADMINISTRATION,organizational unit 65456,task 427,False,,,medium,medium,medium,medium,low,low,medium,low,medium,low
211,Declaration FINAL_APPROVED by SUPERVISOR,organizational unit 65456,task 427,False,,,medium,medium,medium,medium,low,low,medium,low,medium,low
212,Request Payment,organizational unit 65456,task 427,False,,,medium,medium,medium,medium,low,low,medium,low,medium,low
213,Payment Handled,organizational unit 65456,task 427,False,,,medium,medium,medium,medium,low,low,medium,low,medium,low
214,archive_application,organizational unit 65456,task 427,False,,,medium,medium,medium,medium,low,low,medium,low,medium,low
215,Permit APPROVED by BUDGET OWNER,organizational unit 65456,task 427,False,,,medium,medium,medium,medium,low,low,medium,low,high,low
216,Declaration APPROVED by BUDGET OWNER,organizational unit 65456,task 427,False,,,medium,medium,medium,low,low,low,medium,low,high,low
217,Permit APPROVED by SUPERVISOR,organizational unit 65458,,False,,,medium,medium,medium,high,low,high,low,high,low,medium
218,Permit FINAL_APPROVED by DIRECTOR,organizational unit 65458,,False,,,medium,medium,medium,high,low,high,low,high,low,medium
219,Declaration REJECTED by SUPERVISOR,organizational unit 65456,,False,,,low,high,medium,low,low,medium,medium,medium,medium,medium
220,Send Reminder,organizational unit 65458,task 427,False,,,medium,medium,medium,high,low,low,low,medium,medium,medium
221,Declaration APPROVED by SUPERVISOR,organizational unit 65458,task 427,False,,,medium,medium,medium,high,low,high,low,high,high,medium
222,Declaration FINAL_APPROVED by DIRECTOR,organizational unit 65458,task 427,False,,,medium,medium,medium,high,low,high,low,high,high,medium
223,Permit REJECTED by SUPERVISOR,organizational unit 65456,task 427,False,,,medium,high,medium,low,low,medium,low,medium,medium,medium
224,Permit REJECTED by EMPLOYEE,organizational unit 65466,,False,,,low,low,medium,low,low,medium,medium,low,high,medium
225,Request For Payment SAVED by EMPLOYEE,organizational unit 65456,,True,0.0,project 503,high,low,medium,low,medium,medium,medium,medium,high,medium
226,Request For Payment REJECTED by SUPERVISOR,organizational unit 65456,task 427,False,0.0,project 503,high,low,medium,high,medium,low,medium,low,low,medium
227,Permit REJECTED by ADMINISTRATION,organizational unit 65466,,False,,,low,low,medium,low,low,low,medium,low,high,low
228,Declaration REJECTED by BUDGET OWNER,organizational unit 65456,task 427,False,,,low,high,medium,medium,low,low,low,low,medium,low
229,Declaration REJECTED by SUPERVISOR,organizational unit 65455,task 427,False,0.0,project 503,medium,low,medium,high,medium,medium,high,medium,high,medium
230,Declaration SAVED by EMPLOYEE,organizational unit 65459,task 427,False,,,low,high,medium,high,low,low,high,high,low,high
231,Declaration REJECTED by BUDGET OWNER,organizational unit 65458,,False,0.0,project 503,high,high,medium,high,medium,medium,high,medium,low,low
232,Declaration SAVED by EMPLOYEE,organizational unit 65454,,True,0.0,project 503,low,high,medium,high,medium,medium,high,medium,high,medium
233,Permit REJECTED by BUDGET OWNER,organizational unit 65466,,True,,,low,low,high,low,low,low,high,low,high,low
234,start,organizational unit 65458,task 427,False,,,medium,medium,high,medium,medium,low,low,low,medium,low
235,Permit SUBMITTED by EMPLOYEE,organizational unit 65458,task 427,False,,,medium,medium,high,medium,medium,low,low,low,medium,low
236,Permit APPROVED by ADMINISTRATION,organizational unit 65458,task 427,False,,,medium,medium,high,medium,low,low,low,low,medium,low
237,Permit FINAL_APPROVED by SUPERVISOR,organizational unit 65456,task 427,False,,,medium,medium,high,medium,medium,low,medium,low,high,low
238,Start trip,organizational unit 65458,task 427,False,,,medium,medium,high,medium,medium,low,low,low,medium,low
239,End trip,organizational unit 65458,task 427,False,,,medium,medium,high,medium,medium,low,low,low,medium,low
240,Declaration SUBMITTED by EMPLOYEE,organizational unit 65458,task 427,False,,,medium,medium,high,medium,medium,medium,low,low,high,low
241,Declaration REJECTED by ADMINISTRATION,organizational unit 65456,task 427,False,,,medium,medium,high,medium,low,medium,low,medium,medium,medium
242,Declaration REJECTED by EMPLOYEE,organizational unit 65456,task 427,False,,,medium,medium,high,medium,medium,medium,low,medium,high,medium
243,Declaration APPROVED by ADMINISTRATION,organizational unit 65458,task 427,False,,,medium,medium,high,medium,low,medium,low,low,high,low
244,Declaration FINAL_APPROVED by SUPERVISOR,organizational unit 65458,task 427,False,,,medium,medium,high,medium,medium,low,medium,low,medium,low
245,Request Payment,organizational unit 65458,task 427,False,,,medium,medium,high,medium,medium,medium,low,low,medium,low
246,Payment Handled,organizational unit 65458,task 427,False,,,medium,medium,high,medium,medium,medium,low,low,high,low
247,archive_application,organizational unit 65458,task 427,False,,,medium,medium,high,medium,medium,low,low,low,medium,low
248,Declaration APPROVED by BUDGET OWNER,organizational unit 65456,task 427,False,,,medium,medium,high,low,medium,medium,low,low,high,low
249,Permit APPROVED by BUDGET OWNER,organizational unit 65456,task 427,False,,,medium,medium,high,low,medium,medium,low,low,medium,low
250,Send Reminder,organizational unit 65458,task 427,False,,,medium,medium,high,low,medium,low,low,low,medium,high
251,Permit REJECTED by ADMINISTRATION,organizational unit 65454,,False,,,medium,high,high,low,medium,medium,low,medium,high,low
252,Permit REJECTED by EMPLOYEE,organizational unit 65456,task 427,False,,,medium,medium,high,low,medium,medium,low,medium,medium,medium
253,Permit APPROVED by SUPERVISOR,organizational unit 65458,task 427,False,,,medium,low,high,high,low,high,low,high,low,medium
254,Permit FINAL_APPROVED by DIRECTOR,organizational unit 65458,task 427,False,,,medium,low,high,high,low,high,low,high,low,medium
255,Declaration REJECTED by BUDGET OWNER,organizational unit 65456,,False,,,low,low,high,low,low,medium,low,medium,low,medium
256,Declaration APPROVED by SUPERVISOR,organizational unit 65458,task 427,False,,,medium,low,high,high,medium,high,low,high,high,medium
257,Declaration FINAL_APPROVED by DIRECTOR,organizational unit 65458,task 427,False,,,medium,low,high,high,medium,high,low,high,high,medium
258,Declaration REJECTED by SUPERVISOR,organizational unit 65458,,False,,,low,high,high,low,low,low,medium,low,high,medium
259,Permit REJECTED by BUDGET OWNER,organizational unit 65458,task 427,False,,,high,low,high,medium,low,low,medium,medium,low,high
260,Permit REJECTED by SUPERVISOR,organizational unit 65456,,False,,,low,high,high,low,low,low,low,medium,low,medium
261,start,organizational unit 65455,task 427,False,0.0,project 503,high,medium,high,high,medium,medium,high,high,high,high
262,Permit SUBMITTED by EMPLOYEE,organizational unit 65458,task 427,False,0.0,project 503,high,medium,high,high,medium,medium,high,high,high,high
263,Permit APPROVED by ADMINISTRATION,organizational unit 65456,task 427,False,0.0,project 503,high,medium,high,high,medium,medium,high,high,low,medium
264,Permit FINAL_APPROVED by SUPERVISOR,organizational unit 65455,task 427,False,0.0,project 503,high,medium,high,high,medium,medium,high,medium,medium,high
265,Request For Payment SUBMITTED by EMPLOYEE,organizational unit 65455,task 427,False,0.0,project 503,high,medium,high,high,medium,high,high,high,high,high
266,Request For Payment APPROVED by ADMINISTRATION,organizational unit 65455,task 427,False,0.0,project 503,high,medium,high,high,medium,high,high,high,low,high
267,Request For Payment FINAL_APPROVED by SUPERVISOR,organizational unit 65455,task 427,False,0.0,project 503,high,medium,high,high,medium,medium,high,high,medium,high
268,Request Payment,organizational unit 65455,task 427,False,0.0,project 503,high,medium,high,high,medium,high,high,high,medium,high
269,Payment Handled,organizational unit 65455,task 427,False,0.0,project 503,high,medium,high,high,medium,high,high,high,medium,high
270,Start trip,organizational unit 65455,task 427,False,0.0,project 503,high,medium,high,high,medium,medium,high,high,high,high
271,End trip,organizational unit 65455,task 427,False,0.0,project 503,high,medium,high,high,medium,medium,high,high,high,high
272,Declaration SUBMITTED by EMPLOYEE,organizational unit 65455,task 427,False,0.0,project 503,high,medium,high,high,medium,high,high,high,high,medium
273,Declaration APPROVED by ADMINISTRATION,organizational unit 65455,task 427,False,0.0,project 503,high,medium,high,high,medium,high,high,high,medium,medium
274,Declaration FINAL_APPROVED by SUPERVISOR,organizational unit 65455,task 427,False,0.0,project 503,high,medium,high,high,medium,medium,high,medium,medium,medium
275,archive_application,organizational unit 65455,task 427,False,0.0,project 503,high,medium,high,high,medium,medium,high,high,high,high
276,Permit APPROVED by SUPERVISOR,organizational unit 65458,task 427,False,0.0,project 503,high,high,high,high,medium,high,high,high,high,high
277,Permit FINAL_APPROVED by DIRECTOR,organizational unit 65458,task 427,False,0.0,project 503,high,high,high,high,medium,high,high,high,high,high
278,Send Reminder,organizational unit 65458,task 427,False,0.0,project 503,high,medium,high,high,medium,medium,high,high,medium,high
279,Permit APPROVED by BUDGET OWNER,organizational unit 65458,task 427,False,0.0,project 503,high,high,high,high,medium,high,high,high,high,medium
280,Request For Payment APPROVED by BUDGET OWNER,organizational unit 65456,task 427,False,0.0,project 503,high,medium,high,high,medium,high,high,high,high,high
281,Declaration REJECTED by ADMINISTRATION,organizational unit 65456,task 427,False,0.0,project 503,high,high,high,high,medium,high,high,high,low,high
282,Declaration REJECTED by EMPLOYEE,organizational unit 65455,task 427,False,0.0,project 503,high,high,high,high,medium,high,high,high,medium,high
283,Declaration APPROVED by BUDGET OWNER,organizational unit 65458,task 427,False,0.0,project 503,high,medium,high,high,medium,high,high,high,high,medium
284,Declaration REJECTED by SUPERVISOR,organizational unit 65455,task 427,False,0.0,project 503,high,high,high,high,medium,high,medium,high,low,medium
285,Permit REJECTED by ADMINISTRATION,organizational unit 65456,task 427,False,0.0,project 503,high,high,high,high,medium,low,medium,low,low,low
286,Permit REJECTED by EMPLOYEE,organizational unit 65455,task 427,True,0.0,project 503,high,medium,high,high,medium,high,high,high,medium,high
287,Request For Payment REJECTED by ADMINISTRATION,organizational unit 65454,,True,0.0,project 503,medium,high,high,medium,medium,high,high,high,high,low
288,Request For Payment REJECTED by EMPLOYEE,organizational unit 65455,,True,0.0,project 503,high,high,high,high,medium,high,high,high,high,high
289,Declaration SAVED by EMPLOYEE,organizational unit 65460,,False,0.0,project 503,low,low,high,low,medium,high,medium,high,low,low
290,start,organizational unit 65455,task 427,False,,,high,high,high,medium,medium,medium,low,medium,medium,low
291,Permit SUBMITTED by EMPLOYEE,organizational unit 65455,task 427,False,,,high,high,high,high,medium,medium,low,medium,medium,low
292,Permit APPROVED by ADMINISTRATION,organizational unit 65456,task 427,False,,,high,medium,high,high,medium,medium,low,low,high,low
293,Permit REJECTED by BUDGET OWNER,organizational unit 65458,,False,,,medium,high,high,medium,medium,low,low,low,high,high
294,Permit REJECTED by EMPLOYEE,organizational unit 65458,task 427,False,,,high,high,high,high,medium,medium,low,medium,high,medium
295,Permit FINAL_APPROVED by SUPERVISOR,organizational unit 65455,task 427,False,,,high,high,high,high,medium,low,medium,low,medium,low
296,Start trip,organizational unit 65455,task 427,False,,,high,high,high,medium,medium,medium,low,medium,medium,low
297,End trip,organizational unit 65455,task 427,False,,,high,high,high,medium,medium,medium,low,medium,medium,low
298,Send Reminder,organizational unit 65458,task 427,False,,,high,medium,high,low,medium,low,low,low,low,high
299,archive_application,organizational unit 65455,task 427,False,,,high,high,high,medium,medium,medium,low,medium,medium,low
300,Permit APPROVED by BUDGET OWNER,organizational unit 65458,task 427,False,,,high,medium,high,high,medium,low,low,low,high,low
301,Request For Payment SUBMITTED by EMPLOYEE,organizational unit 65459,task 427,True,0.0,project 503,high,low,high,medium,medium,high,medium,medium,high,high
302,Request For Payment APPROVED by ADMINISTRATION,organizational unit 65459,,True,0.0,project 503,medium,low,high,high,medium,high,medium,high,high,high
303,Request For Payment APPROVED by BUDGET OWNER,organizational unit 65454,task 427,True,0.0,project 503,high,high,high,high,medium,medium,medium,medium,high,high
304,Declaration SUBMITTED by EMPLOYEE,organizational unit 65455,task 427,False,,,high,high,high,high,medium,medium,low,medium,low,medium
305,Request For Payment REJECTED by ADMINISTRATION,organizational unit 65459,task 427,True,0.0,project 503,high,medium,high,low,medium,high,medium,medium,high,high
306,Request For Payment FINAL_APPROVED by SUPERVISOR,organizational unit 65459,,True,0.0,project 503,medium,low,high,high,medium,high,medium,high,high,high
307,Request For Payment REJECTED by EMPLOYEE,organizational unit 65459,task 427,True,0.0,project 503,high,medium,high,low,medium,high,medium,medium,high,medium
308,Declaration APPROVED by ADMINISTRATION,organizational unit 65458,task 427,False,,,high,medium,high,high,medium,medium,low,medium,medium,medium
309,Declaration APPROVED by BUDGET OWNER,organizational unit 65458,task 427,False,,,high,medium,high,high,medium,medium,medium,low,high,low
310,Request Payment,organizational unit 65455,task 427,False,,,high,high,high,high,medium,medium,low,medium,low,medium
311,Declaration FINAL_APPROVED by SUPERVISOR,organizational unit 65455,task 427,False,,,high,high,high,high,medium,low,medium,medium,low,medium
312,Payment Handled,organizational unit 65455,task 427,False,,,high,high,high,high,medium,medium,low,medium,low,medium
313,Permit APPROVED by SUPERVISOR,organizational unit 65458,task 427,False,,,high,high,high,medium,medium,high,low,high,low,high
314,Permit FINAL_APPROVED by DIRECTOR,organizational unit 65458,task 427,False,,,high,high,high,medium,medium,high,low,high,low,high
315,Declaration REJECTED by ADMINISTRATION,organizational unit 65458,,False,,,high,low,high,high,medium,high,low,high,high,medium
316,Declaration REJECTED by EMPLOYEE,organizational unit 65455,task 427,False,,,high,medium,high,medium,medium,medium,medium,medium,medium,medium
317,Request For Payment APPROVED by SUPERVISOR,organizational unit 65458,task 427,True,0.0,project 503,medium,high,high,medium,medium,high,high,high,high,high
318,Request For Payment FINAL_APPROVED by DIRECTOR,organizational unit 65458,task 427,True,0.0,project 503,medium,high,high,medium,medium,high,high,high,high,high
319,Request For Payment SAVED by EMPLOYEE,organizational unit 65455,task 427,True,0.0,project 503,high,high,high,medium,medium,high,high,medium,high,low
320,Declaration APPROVED by SUPERVISOR,organizational unit 65458,task 427,False,,,high,high,high,medium,medium,high,low,high,low,medium
321,Declaration FINAL_APPROVED by DIRECTOR,organizational unit 65458,task 427,False,,,high,high,high,medium,medium,high,low,high,low,medium
322,Permit REJECTED by SUPERVISOR,organizational unit 65458,,False,0.0,project 503,medium,high,high,high,medium,high,high,high,low,high
323,Declaration APPROVED by SUPERVISOR,organizational unit 65458,,True,0.0,project 503,medium,high,high,high,medium,high,high,high,high,high
324,Declaration FINAL_APPROVED by DIRECTOR,organizational unit 65458,,True,0.0,project 503,medium,high,high,high,medium,high,high,high,high,high
325,Permit APPROVED by PRE_APPROVER,organizational unit 65455,task 427,True,0.0,project 503,high,high,high,high,medium,medium,high,medium,high,high
326,Request For Payment REJECTED by PRE_APPROVER,organizational unit 65455,,True,0.0,project 503,medium,high,high,medium,medium,high,medium,high,high,high
327,Request For Payment APPROVED by PRE_APPROVER,organizational unit 65455,task 427,True,0.0,project 503,high,high,high,medium,medium,medium,high,medium,high,high
328,Declaration REJECTED by PRE_APPROVER,organizational unit 65455,task 427,True,0.0,project 503,high,high,high,high,medium,high,high,medium,high,medium
329,Permit APPROVED by PRE_APPROVER,organizational unit 65455,,False,,,low,medium,high,medium,medium,low,low,low,low,medium
330,Declaration APPROVED by PRE_APPROVER,organizational unit 65455,,False,,,low,medium,high,medium,medium,low,low,low,low,medium
331,Declaration APPROVED by PRE_APPROVER,organizational unit 65455,task 427,True,0.0,project 503,high,high,high,high,medium,medium,high,medium,high,high
332,Declaration REJECTED by MISSING,organizational unit 65455,task 427,False,0.0,project 503,high,high,high,high,medium,high,high,high,high,high
333,Declaration REJECTED by MISSING,organizational unit 65458,task 427,False,,,high,medium,high,medium,medium,medium,medium,medium,medium,low
334,Permit APPROVED by PRE_APPROVER,organizational unit 65455,task 427,False,,,high,high,high,medium,medium,low,medium,low,medium,low
335,Declaration APPROVED by PRE_APPROVER,organizational unit 65455,task 427,False,,,high,high,high,high,medium,medium,medium,medium,low,medium
336,Permit REJECTED by PRE_APPROVER,organizational unit 65458,task 427,False,,,low,high,high,low,medium,medium,low,low,medium,medium
337,Permit APPROVED by PRE_APPROVER,organizational unit 65455,task 427,False,,,high,high,low,medium,medium,low,low,low,low,high
338,Declaration APPROVED by PRE_APPROVER,organizational unit 65455,task 427,False,,,high,high,low,high,medium,medium,medium,medium,low,medium
339,Declaration REJECTED by PRE_APPROVER,organizational unit 65455,task 427,False,,,low,high,high,low,medium,medium,low,low,low,medium
340,Declaration REJECTED by MISSING,organizational unit 65458,,False,,,low,low,high,high,medium,medium,low,medium,medium,high
341,Declaration REJECTED by SUPERVISOR,organizational unit 65458,task 427,False,,,high,high,high,high,medium,medium,medium,medium,low,medium
342,Request For Payment REJECTED by MISSING,organizational unit 65455,task 427,True,0.0,project 503,high,high,high,low,medium,high,high,high,high,high
343,Declaration REJECTED by PRE_APPROVER,organizational unit 65455,task 427,False,,,high,medium,high,low,medium,low,medium,low,medium,low
344,Request For Payment APPROVED by PRE_APPROVER,organizational unit 65455,task 427,True,0.0,project 503,high,high,low,medium,medium,high,high,high,high,high
345,Request For Payment REJECTED by SUPERVISOR,organizational unit 65458,task 427,False,0.0,project 503,high,high,high,high,medium,medium,medium,medium,low,high
346,Permit REJECTED by PRE_APPROVER,organizational unit 65455,task 427,True,0.0,project 503,high,low,high,high,medium,medium,medium,medium,high,high
347,Request For Payment REJECTED by MISSING,organizational unit 65455,,False,0.0,project 503,high,high,low,medium,medium,high,high,high,high,high
348,Permit REJECTED by SUPERVISOR,organizational unit 65458,task 427,False,,,high,high,high,medium,medium,medium,low,medium,medium,low
349,Permit REJECTED by MISSING,organizational unit 65458,task 427,False,,,high,high,high,high,medium,medium,medium,high,low,medium
350,Declaration REJECTED by DIRECTOR,organizational unit 65458,,False,,,low,high,high,low,medium,high,low,high,low,high
351,Declaration REJECTED by MISSING,organizational unit 65455,task 427,False,0.0,,high,high,low,medium,medium,high,high,medium,high,medium
352,Permit REJECTED by PRE_APPROVER,organizational unit 65455,task 427,False,,,high,high,high,high,medium,medium,low,medium,high,high
353,Permit REJECTED by PRE_APPROVER,organizational unit 65455,task 427,False,,,high,high,low,high,medium,low,low,medium,low,low
354,Request For Payment REJECTED by PRE_APPROVER,organizational unit 65455,task 427,False,0.0,project 503,high,high,high,high,medium,low,low,low,low,low
355,Permit REJECTED by MISSING,organizational unit 65458,task 427,False,0.0,project 503,high,high,high,high,medium,high,high,high,high,high
356,Declaration REJECTED by PRE_APPROVER,organizational unit 65455,,False,,,low,high,low,high,medium,low,low,medium,low,high
357,Declaration REJECTED by BUDGET OWNER,organizational unit 65458,task 427,False,,,high,high,high,high,medium,high,low,high,low,high
358,Request For Payment SAVED by EMPLOYEE,organizational unit 65458,task 427,True,0.0,project 503,high,high,high,high,medium,high,high,high,high,low
359,Declaration REJECTED by BUDGET OWNER,organizational unit 65456,task 427,False,0.0,project 503,high,high,high,low,medium,medium,medium,medium,low,medium
360,Permit REJECTED by ADMINISTRATION,organizational unit 65454,task 427,False,,,high,high,high,high,medium,low,low,low,high,low
